,ACCLASS,AG_DRIV,ALCOHOL,AUTOMOBILE,CYCLIST,DATE,DISABILITY,EMERG_VEH,HOOD_ID,HOUR,INITDIR,INVAGE,LIGHT,LOCCOORD,MANOEUVER,MOTORCYCLE,PASSENGER,PEDESTRIAN,RDSFCOND,REDLIGHT,ROAD_CLASS,SPEEDING,TRAFFCTL,TRSN_CITY_VEH,TRUCK,VISIBILITY
2245,0,0,0,1,0,7,0,0,75,9,2,9,4,4,2,0,1,1,0,0,4,0,1,0,0,0
2246,0,1,1,1,0,9,0,0,68,2,2,1,0,4,2,0,0,0,0,0,5,1,1,0,0,0
2248,0,0,0,1,1,11,0,0,82,18,0,13,0,3,13,0,0,0,0,0,4,0,2,0,0,0
2251,1,0,0,1,0,7,0,0,131,5,1,1,0,3,2,0,1,0,0,0,0,0,1,0,0,2
2260,0,0,0,1,0,8,0,0,121,13,2,8,4,3,2,0,0,1,0,0,4,0,1,0,0,0
2262,0,1,0,1,0,5,0,0,1,20,3,2,0,4,2,0,1,0,0,0,4,0,1,0,0,0
2263,0,1,0,1,0,7,0,0,58,12,1,5,4,3,2,0,1,0,0,1,5,1,2,0,0,0
2264,0,0,0,1,0,9,0,0,95,17,3,13,4,4,10,0,0,0,0,0,4,0,1,0,0,0
2265,0,1,0,1,0,7,0,0,131,10,0,3,4,3,13,0,0,0,0,0,5,0,2,0,0,0
2268,0,1,0,1,0,7,0,0,58,12,0,12,4,3,2,0,1,0,0,1,5,1,2,0,0,0
2273,0,1,0,1,0,5,0,0,90,16,1,6,4,4,2,0,1,0,0,0,4,0,1,1,0,0
2274,0,1,1,1,0,6,0,0,51,22,2,2,4,4,2,0,0,1,0,0,4,1,1,0,0,0
2275,0,1,0,1,0,7,0,0,131,10,3,3,4,3,2,0,0,0,0,0,5,0,2,0,0,0
2283,0,1,0,1,0,10,0,0,131,14,0,7,4,3,2,1,0,0,0,0,5,0,2,0,0,0
2284,0,0,0,0,0,9,0,0,116,9,0,10,4,4,2,0,0,1,0,0,4,0,1,0,1,0
2285,0,1,0,1,0,7,0,0,58,12,2,7,4,3,12,0,1,0,0,1,5,1,2,0,0,0
2286,0,1,0,1,0,5,0,0,90,16,1,8,4,4,2,0,1,0,0,0,4,0,1,1,0,0
2288,0,0,0,1,0,5,0,0,93,16,2,10,4,4,3,0,0,0,0,0,4,0,1,0,0,0
2291,0,1,0,1,0,10,0,0,131,14,1,9,4,3,2,1,0,0,0,0,5,0,2,0,0,0
2292,0,1,0,1,0,8,0,0,113,13,3,1,4,4,2,0,1,1,0,0,0,1,1,0,0,0
2293,0,0,0,1,0,7,0,0,78,3,0,2,0,3,2,0,0,1,0,0,4,0,1,0,0,0
2294,0,1,0,1,0,7,0,0,87,20,0,4,4,4,2,1,0,0,0,0,4,0,1,0,0,0
2297,0,0,0,1,0,11,0,0,19,7,0,6,4,3,2,0,0,1,0,0,4,0,2,0,0,0
2298,0,1,0,0,0,6,0,0,133,12,3,6,4,3,2,1,0,0,0,0,5,0,2,0,0,0
2299,0,1,0,1,0,9,0,0,120,14,3,13,4,3,2,0,0,1,8,1,5,0,2,0,0,0
2304,0,1,0,1,0,10,0,0,82,9,2,6,4,3,13,0,0,1,0,0,3,0,2,0,0,0
2306,0,0,0,1,0,5,0,0,93,16,2,2,4,4,2,0,0,0,0,0,4,0,1,0,0,0
2308,0,1,0,1,0,7,0,0,87,20,0,2,4,4,3,1,0,0,0,0,4,0,1,0,0,0
2310,0,1,0,1,0,9,0,0,120,14,1,8,4,3,2,0,0,1,8,1,5,0,2,0,0,0
2314,0,1,0,1,0,5,0,0,134,5,2,8,0,3,13,0,0,1,0,0,5,0,2,0,0,0
2315,0,0,0,0,0,7,0,0,86,10,3,7,4,3,2,1,0,0,8,0,5,0,2,0,0,5
2316,0,0,1,0,0,7,0,0,93,2,2,7,0,4,2,1,0,0,0,0,5,0,1,0,0,0
2317,0,0,0,1,0,8,0,0,21,11,2,9,4,4,2,0,0,1,0,0,4,0,1,0,0,0
2318,0,1,0,1,0,10,0,0,27,10,1,7,4,3,2,0,0,0,0,1,4,0,2,0,0,0
2322,0,0,0,1,0,11,0,0,128,10,0,8,4,4,12,0,0,0,0,0,4,0,1,0,0,0
2326,0,1,0,0,0,6,0,0,133,12,2,6,4,3,13,1,0,0,0,0,5,0,2,0,0,0
2327,0,1,0,1,0,7,0,0,7,20,3,7,6,4,2,0,0,0,8,0,4,0,1,0,0,5
2329,0,1,0,1,0,10,0,0,27,10,0,12,4,3,2,0,0,0,0,1,4,0,2,0,0,0
2330,0,0,0,1,0,9,0,0,3,15,0,8,4,4,2,0,0,0,0,0,4,0,1,0,0,0
2331,0,1,0,1,0,5,0,0,105,12,3,10,4,3,10,0,0,1,0,0,4,0,1,0,0,0
2333,0,0,0,1,0,10,1,0,22,13,2,10,4,3,13,0,0,0,0,0,4,0,2,0,0,0
2335,0,0,0,0,0,8,0,0,127,16,3,8,4,4,2,0,0,1,0,0,6,0,1,1,0,0
2337,0,0,0,1,0,9,0,0,3,15,3,4,4,4,2,0,0,0,0,0,4,0,1,0,0,0
2338,0,1,0,1,0,7,0,0,7,20,0,9,6,4,0,0,0,0,8,0,4,0,1,0,0,5
2342,0,0,0,1,0,11,0,0,128,10,2,3,4,4,14,0,0,0,0,0,4,0,1,0,0,0
2343,0,1,0,1,0,9,0,0,42,16,2,7,4,4,2,0,0,0,0,0,4,0,1,0,0,0
2344,0,0,0,1,0,5,0,0,2,18,3,4,4,4,2,0,0,1,0,0,4,0,1,0,0,0
2347,0,1,0,1,0,9,0,0,42,16,2,10,4,4,2,0,0,0,0,0,4,0,1,0,0,0
2350,0,0,0,1,0,10,1,0,22,13,1,7,4,3,2,0,0,0,0,0,4,0,2,0,0,0
2351,0,1,0,1,0,7,0,0,7,20,3,2,6,4,12,0,0,0,8,0,4,0,1,0,0,5
2352,0,1,0,1,0,8,0,0,92,12,3,16,4,3,11,0,0,0,0,0,4,0,2,0,0,0
2356,0,1,0,1,0,7,0,0,7,9,1,3,4,3,2,0,0,0,0,1,4,0,2,0,0,0
2358,0,0,0,1,0,11,0,0,134,2,2,4,0,4,7,0,0,1,0,0,3,0,1,0,0,0
2359,0,1,0,1,0,8,0,0,92,12,3,6,4,3,12,0,0,0,0,0,4,0,2,0,0,0
2363,0,0,0,1,0,6,0,0,118,20,1,5,4,3,13,0,1,1,0,0,4,0,2,0,0,0
2366,0,1,0,1,0,10,0,0,51,6,1,2,0,3,14,0,0,1,8,0,4,0,2,0,0,5
2367,1,1,0,1,0,6,0,0,127,19,3,5,4,3,2,1,1,0,0,0,4,1,2,0,0,0
2368,0,1,0,1,0,6,0,0,7,23,1,12,0,3,2,0,1,0,0,0,4,0,2,0,0,0
2371,0,1,0,1,0,9,0,0,42,16,2,3,4,4,12,0,0,0,0,0,4,0,1,0,0,0
2372,0,1,0,1,0,7,0,0,7,9,0,7,4,3,2,0,0,0,0,1,4,0,2,0,0,0
2380,0,0,0,0,0,8,0,0,122,19,1,9,4,4,10,0,0,0,0,0,3,0,1,0,0,0
2381,0,1,0,1,0,9,0,0,77,12,0,9,4,3,2,1,0,0,0,0,5,0,2,0,0,0
2382,0,1,0,1,0,7,0,0,2,22,3,3,0,3,2,0,1,0,0,1,4,1,2,0,0,0
2384,0,1,0,1,1,7,0,0,29,17,1,5,4,3,14,0,0,0,0,0,4,0,2,0,0,0
2386,0,1,0,1,0,6,0,0,7,23,1,11,0,3,12,0,1,0,0,0,4,0,2,0,0,0
2388,0,0,0,1,1,8,0,0,45,18,3,2,4,3,11,0,0,0,0,0,3,0,2,0,0,0
2391,0,0,0,1,0,7,0,0,128,12,2,10,4,3,11,0,0,1,0,0,4,0,2,0,0,0
2394,0,1,0,0,0,7,0,0,137,0,3,1,0,3,4,0,1,0,0,0,4,1,2,0,0,0
2395,0,0,0,1,0,7,0,0,70,17,1,4,4,3,2,0,1,0,0,0,4,0,2,0,0,0
2398,0,0,0,0,0,10,0,0,73,9,0,10,4,4,2,0,0,1,0,0,4,0,1,0,1,0
2399,0,1,0,1,0,9,0,0,77,12,3,5,4,3,13,1,0,0,0,0,5,0,2,0,0,0
2403,0,0,0,1,0,7,0,0,70,17,2,2,4,3,13,0,1,0,0,0,4,0,2,0,0,0
2405,0,1,1,1,0,7,0,0,139,1,3,3,0,3,2,0,0,0,0,1,4,1,2,1,0,0
2407,0,1,1,1,0,7,0,0,139,1,2,6,0,3,13,0,0,0,0,1,4,1,2,1,0,0
2409,0,1,0,1,0,8,0,0,34,8,3,6,4,3,12,0,1,0,0,0,3,0,2,0,0,0
2411,0,1,0,1,0,8,0,0,34,8,2,7,4,3,2,0,1,0,0,0,3,0,2,0,0,0
2412,0,0,0,1,0,8,0,0,77,21,1,6,0,4,2,0,0,0,0,0,4,0,1,0,0,0
2414,0,0,0,1,0,8,0,0,77,21,1,3,0,4,3,0,0,0,0,0,4,0,1,0,0,0
2416,0,0,0,1,1,8,0,0,124,21,2,5,7,3,2,0,1,0,0,0,4,0,1,0,0,0
2419,0,0,0,1,1,8,0,0,124,21,1,2,7,3,13,0,1,0,0,0,4,0,1,0,0,0
2420,0,0,0,1,0,8,0,0,130,23,2,7,0,3,2,0,0,1,0,0,4,0,2,0,0,0
2423,1,0,0,1,0,8,0,0,127,10,0,8,4,4,2,0,0,1,0,0,4,0,1,0,0,0
2425,1,0,0,1,0,8,0,0,127,10,0,5,4,4,2,0,0,1,0,0,4,0,1,0,0,0
2427,0,1,0,1,0,8,0,0,27,11,2,8,4,3,14,0,0,1,0,0,4,0,2,0,0,0
2430,0,0,0,1,0,8,0,0,11,4,2,2,0,4,2,0,0,0,0,0,0,0,1,0,0,0
2435,0,1,0,1,0,8,0,0,65,2,2,4,0,4,12,0,0,1,0,0,5,0,1,0,0,0
2436,0,1,0,1,0,8,0,0,65,2,2,3,0,4,2,0,0,1,0,0,5,0,1,0,0,0
2439,0,0,0,1,1,8,0,0,82,15,0,2,4,3,2,0,0,0,0,0,4,0,2,0,0,0
2442,0,1,0,1,0,8,0,0,119,2,1,2,0,3,2,1,0,0,0,0,4,0,2,0,0,0
2443,0,1,0,1,0,8,0,0,119,2,2,4,0,3,13,1,0,0,0,0,4,0,2,0,0,0
2445,0,1,0,1,0,8,0,0,82,3,3,2,0,3,2,0,1,0,0,1,4,0,2,0,0,0
2447,0,1,0,1,0,8,0,0,82,3,2,7,0,3,13,0,1,0,0,1,4,0,2,0,0,0
2449,0,0,0,1,0,8,0,0,136,7,2,4,4,3,2,0,1,0,0,0,4,0,2,0,0,0
2450,0,0,0,1,0,8,0,0,136,7,1,4,4,3,13,0,1,0,0,0,4,0,2,0,0,0
2455,1,0,0,1,0,8,0,0,85,0,0,5,0,4,12,0,1,0,0,0,4,0,1,0,0,0
2456,1,0,0,1,0,8,0,0,85,0,0,7,0,4,2,0,1,0,0,0,4,0,1,0,0,0
2460,0,0,0,1,0,8,0,0,66,12,0,4,4,4,3,0,1,0,0,0,3,0,1,0,0,0
2462,0,0,0,1,0,8,0,0,44,15,1,10,4,4,2,0,0,1,0,0,4,0,1,0,0,0
2464,0,1,0,1,0,8,0,0,133,9,3,6,4,3,2,0,0,0,0,1,5,0,2,0,0,0
2465,0,1,0,1,0,8,0,0,133,9,2,9,4,3,2,0,0,0,0,1,5,0,2,0,0,0
2468,0,1,0,1,0,6,0,0,131,10,0,7,4,3,2,0,1,0,0,0,5,0,2,0,0,0
2471,1,1,0,1,0,6,0,0,127,19,0,2,4,3,13,1,1,0,0,0,4,1,2,0,0,0
2476,0,0,0,1,1,8,0,0,48,14,0,4,4,3,2,0,1,0,0,0,4,0,2,0,0,0
2477,0,1,0,1,0,7,0,0,5,18,3,3,4,3,2,0,1,0,0,0,3,0,1,0,0,0
2478,1,0,0,1,0,9,0,0,1,19,1,9,0,4,2,0,0,1,0,0,4,0,1,0,0,0
2480,0,1,0,1,0,11,0,0,107,12,2,13,4,3,2,0,0,1,0,1,4,0,2,0,0,0
2485,0,1,0,1,0,6,0,0,131,10,2,6,4,3,2,0,1,0,0,0,5,0,2,0,0,0
2486,0,1,0,1,0,7,0,0,5,18,3,3,4,3,2,0,1,0,0,0,3,0,1,0,0,0
2487,1,1,0,0,0,6,0,0,71,0,3,3,0,3,11,1,0,0,0,0,4,1,1,0,0,0
2489,0,0,0,1,0,9,0,0,129,20,3,3,0,4,2,0,0,1,0,0,4,0,1,0,0,0
2493,1,0,1,1,0,7,0,0,123,20,2,9,4,4,2,0,0,1,0,0,5,0,1,0,0,0
2495,0,0,0,1,0,6,0,0,14,21,1,2,0,4,2,0,0,1,0,0,4,0,1,0,0,0
2497,0,1,0,1,0,10,0,0,25,22,0,5,0,3,2,0,0,0,0,0,4,0,2,0,0,0
2500,0,1,0,1,0,9,0,0,23,16,1,10,4,3,2,0,1,0,0,0,4,0,2,0,0,0
2501,1,1,0,1,0,6,0,0,21,2,0,8,0,3,2,0,1,0,0,1,4,0,2,0,0,0
2502,0,1,0,1,0,10,0,0,25,22,3,2,0,3,13,0,0,0,0,0,4,0,2,0,0,0
2507,1,1,0,1,0,6,0,0,21,2,1,1,0,3,2,0,1,0,0,1,4,0,2,0,0,0
2508,0,1,0,1,0,9,0,0,23,16,3,7,4,3,2,0,1,0,0,0,4,0,2,0,0,0
2511,0,1,0,1,0,10,0,0,120,21,1,8,0,4,2,0,0,1,8,0,5,0,2,0,0,5
2514,0,0,0,1,0,7,0,0,7,21,2,3,0,3,2,0,0,0,0,0,4,0,0,0,0,0
2517,0,0,0,1,0,6,0,0,111,7,3,2,4,4,11,0,0,1,0,0,4,0,1,0,0,0
2524,0,0,0,1,0,7,0,0,7,21,1,2,0,3,13,0,0,0,0,0,4,0,0,0,0,0
2526,0,0,0,1,0,9,0,0,131,3,1,6,0,4,12,0,1,0,0,0,4,0,1,0,0,0
2530,0,1,0,1,0,7,0,0,120,19,1,5,4,3,13,0,0,1,0,0,4,0,2,0,0,0
2531,0,1,0,1,0,6,0,0,6,8,1,12,4,3,2,0,0,0,0,1,4,0,2,0,0,0
2532,1,1,0,1,0,6,0,0,21,2,0,6,0,3,2,0,1,0,0,1,4,0,2,0,0,0
2533,0,0,0,1,0,9,0,0,131,3,1,5,0,4,2,0,1,0,0,0,4,0,1,0,0,0
2535,0,0,0,0,0,10,0,0,70,11,1,3,4,4,4,0,0,0,0,0,4,0,1,0,1,0
2540,0,1,0,1,0,6,0,0,6,8,3,6,4,3,2,0,0,0,0,1,4,0,2,0,0,0
2541,1,0,0,0,1,8,0,0,118,12,0,6,4,3,2,0,0,0,0,0,0,0,2,0,0,0
2543,0,1,0,1,0,6,0,0,77,23,3,3,0,3,2,0,0,0,0,0,4,1,2,0,0,0
2545,0,0,0,1,0,9,0,0,131,3,1,8,0,4,12,0,1,0,0,0,4,0,1,0,0,0
2546,0,1,0,1,0,6,0,0,6,8,1,8,4,3,2,0,0,0,0,1,4,0,2,0,0,0
2550,0,1,0,1,0,10,0,0,132,18,3,7,0,4,11,0,0,1,0,0,4,0,1,0,0,0
2552,0,1,0,1,0,11,0,0,95,19,2,3,0,3,13,0,0,1,8,0,4,0,2,0,0,5
2554,0,1,0,1,0,6,0,0,77,23,3,9,0,3,13,0,0,0,0,0,4,1,2,0,0,0
2555,0,0,0,1,0,7,0,0,77,21,2,7,0,4,2,0,0,1,0,0,4,0,1,0,0,0
2556,0,1,0,1,1,6,0,0,130,17,3,6,4,3,14,0,0,0,0,1,4,0,2,0,0,0
2557,1,1,0,0,0,10,0,0,105,6,2,5,0,3,13,0,0,1,0,0,4,0,1,0,1,0
2559,0,0,0,0,0,8,0,0,135,20,1,9,0,4,2,1,0,0,0,0,6,0,1,0,0,0
2562,0,0,0,1,1,6,0,0,40,11,1,9,4,3,6,0,0,0,0,0,4,0,1,0,0,0
2568,0,1,0,1,0,10,0,0,132,18,3,1,0,4,2,0,0,1,0,0,4,0,1,0,0,0
2571,0,0,0,1,0,8,0,0,78,17,3,6,4,3,2,0,0,1,0,0,4,0,1,0,0,0
2574,1,0,0,0,0,8,0,0,85,22,3,3,0,4,2,1,0,0,0,0,4,0,1,0,0,0
2578,0,0,0,1,0,6,0,0,132,15,0,8,4,3,13,0,1,0,0,0,4,0,2,0,0,0
2579,0,0,0,1,0,7,0,0,130,9,3,6,4,4,5,0,0,1,0,0,0,0,1,0,0,0
2584,0,1,0,1,0,11,0,0,94,1,0,2,0,3,2,0,1,0,8,0,5,1,2,1,0,5
2586,0,0,0,1,1,11,0,0,82,11,0,7,4,4,0,0,0,0,8,0,4,0,1,0,0,5
2588,0,1,0,1,0,10,0,0,77,17,1,4,4,4,9,0,1,0,0,0,4,1,1,0,0,0
2589,0,0,0,1,0,8,0,0,100,11,0,6,4,4,2,0,0,0,0,0,4,0,1,0,0,0
2591,0,1,0,1,0,11,0,0,94,1,1,6,0,3,2,0,1,0,8,0,5,1,2,1,0,5
2592,0,0,0,1,0,6,0,0,132,15,3,4,4,3,2,0,1,0,0,0,4,0,2,0,0,0
2596,0,0,0,1,1,11,0,0,127,16,0,9,4,4,13,0,0,0,0,0,5,0,1,0,0,0
2598,0,0,0,1,0,8,0,0,100,11,1,6,4,4,2,0,0,0,0,0,4,0,1,0,0,0
2599,0,0,0,1,0,10,0,0,120,16,2,8,4,4,2,1,0,0,0,0,4,0,1,0,0,0
2600,0,0,0,1,0,8,0,0,10,14,3,7,4,3,11,0,1,0,0,0,4,0,2,0,1,0
2601,0,1,0,1,0,7,0,0,87,4,3,5,0,4,2,0,1,0,0,0,4,0,1,0,0,0
2605,0,0,0,1,0,10,0,0,120,16,1,13,4,4,13,1,0,0,0,0,4,0,1,0,0,0
2607,0,1,0,1,0,10,0,0,93,18,1,3,6,3,12,0,1,0,0,0,4,1,2,0,0,0
2608,0,0,0,1,0,11,0,0,64,19,1,8,0,4,2,0,0,1,8,0,5,0,1,0,0,5
2609,0,0,0,1,0,8,0,0,10,14,0,6,4,3,13,0,1,0,0,0,4,0,2,0,1,0
2610,0,0,0,0,1,7,0,0,83,18,0,8,4,3,13,0,0,0,0,0,5,0,2,0,0,0
2612,0,1,0,1,0,11,0,0,19,2,3,6,0,3,2,0,0,0,0,0,4,1,2,0,0,0
2619,0,0,0,1,0,11,0,0,27,6,3,9,0,3,2,0,0,1,0,0,4,0,1,0,0,0
2620,0,1,0,1,0,10,0,0,93,18,0,4,6,3,2,0,1,0,0,0,4,1,2,0,0,0
2623,0,0,0,1,0,7,0,0,131,22,1,3,0,3,2,0,1,0,0,0,0,0,2,0,1,0
2625,0,1,0,1,0,10,0,0,93,18,3,8,6,3,13,0,1,0,0,0,4,1,2,0,0,0
2626,0,1,0,1,0,6,0,0,42,19,1,6,4,3,11,0,0,0,0,0,4,1,1,0,0,0
2627,0,1,0,1,0,11,0,0,2,22,2,2,0,3,2,0,0,0,4,0,4,0,0,0,1,0
2628,0,1,0,1,0,10,0,0,33,16,0,14,4,4,2,0,0,0,8,0,4,0,1,0,0,5
2633,0,1,0,1,0,6,0,0,42,19,2,9,4,3,2,0,0,0,0,0,4,1,1,0,0,0
2634,0,1,0,1,0,10,0,0,33,16,0,7,4,4,12,0,0,0,8,0,4,0,1,0,0,5
2635,0,1,0,1,0,11,0,0,2,22,0,3,0,3,13,0,0,0,4,0,4,0,0,0,1,0
2636,0,0,0,1,0,7,0,0,131,22,3,4,0,3,13,0,1,0,0,0,0,0,2,0,1,0
2637,0,0,0,1,0,8,0,0,10,14,0,8,4,3,11,0,1,0,0,0,4,0,2,0,1,0
2638,0,0,0,1,0,11,0,0,85,10,3,9,4,3,14,0,0,1,0,0,4,0,2,0,0,0
2641,0,0,0,0,0,7,0,0,59,8,2,8,4,3,10,0,0,1,0,0,4,0,1,0,0,0
2643,0,0,0,1,0,8,0,0,10,14,0,3,4,3,13,0,1,0,0,0,4,0,2,0,1,0
2645,0,1,0,1,1,10,0,0,133,3,2,2,0,3,2,0,0,0,0,0,0,0,2,0,0,0
2646,0,1,0,1,0,11,0,0,64,18,0,7,0,3,13,0,0,1,8,0,5,0,2,0,0,5
2648,0,1,0,1,0,11,0,0,20,8,2,9,4,3,11,0,1,0,1,0,3,0,2,1,0,6
2650,0,1,0,1,0,6,0,0,42,19,2,5,4,3,12,0,0,0,0,0,4,1,1,0,0,0
2652,0,0,0,1,0,8,0,0,10,14,0,3,4,3,11,0,1,0,0,0,4,0,2,0,1,0
2653,0,1,0,1,0,10,0,0,13,18,3,4,4,3,13,0,0,1,0,0,5,0,2,0,0,0
2654,0,0,0,1,0,8,0,0,10,14,0,4,4,3,13,0,1,0,0,0,4,0,2,0,1,0
2658,0,0,0,1,0,8,0,0,10,14,0,3,4,3,11,0,1,0,0,0,4,0,2,0,1,0
2660,0,1,0,1,0,6,0,0,131,16,0,2,4,4,2,0,0,0,0,0,5,1,1,0,0,0
2661,0,1,0,1,0,11,0,0,132,6,2,9,0,3,11,0,1,0,8,0,4,0,2,0,1,5
2663,0,1,0,1,0,7,0,0,2,13,3,1,4,3,2,0,1,0,0,1,4,0,2,0,1,0
2666,0,0,0,1,0,8,0,0,10,14,0,2,4,3,13,0,1,0,0,0,4,0,2,0,1,0
2670,0,1,0,1,0,7,0,0,2,13,2,5,4,3,13,0,1,0,0,1,4,0,2,0,1,0
2671,0,1,0,1,0,11,0,0,20,8,3,9,4,3,2,0,1,0,1,0,3,0,2,1,0,6
2674,0,1,0,1,0,9,0,0,76,14,1,3,4,3,2,0,1,0,0,0,4,0,2,0,0,0
2675,0,1,0,1,0,7,0,0,2,13,2,2,4,3,12,0,1,0,0,1,4,0,2,0,1,0
2678,0,1,0,1,0,11,0,0,132,6,2,3,0,3,12,0,1,0,8,0,4,0,2,0,1,5
2679,0,0,0,1,0,6,0,0,51,19,1,1,4,4,2,0,0,1,0,0,4,0,1,0,0,0
2680,0,1,0,1,0,10,0,0,78,18,2,5,4,3,3,0,1,0,0,1,4,0,2,1,0,0
2681,1,0,0,1,0,7,0,0,119,16,2,3,4,3,12,0,1,1,0,0,4,0,2,0,1,0
2684,1,0,0,1,0,7,0,0,119,16,1,8,4,3,2,0,1,1,0,0,4,0,2,0,1,0
2685,1,0,0,0,0,11,0,0,44,9,2,8,4,4,2,0,0,1,8,0,4,0,1,1,0,0
2686,1,1,0,1,0,11,0,0,119,7,0,5,4,3,13,0,0,1,0,0,4,0,2,0,0,0
2688,0,1,0,1,0,9,0,0,76,14,2,4,4,3,13,0,1,0,0,0,4,0,2,0,0,0
2692,0,1,0,1,0,10,0,0,78,18,2,3,4,3,2,0,1,0,0,1,4,0,2,1,0,0
2694,0,1,0,1,0,9,0,0,76,14,1,8,4,3,2,0,1,0,0,0,4,0,2,0,0,0
2696,0,1,0,1,0,9,0,0,131,16,0,7,4,3,2,0,1,0,0,1,4,1,2,0,0,0
2698,0,1,0,1,0,9,0,0,131,16,1,8,4,3,2,0,1,0,0,1,4,1,2,0,0,0
2701,0,1,0,1,0,9,0,0,131,16,1,5,4,3,2,0,1,0,0,1,4,1,2,0,0,0
2705,0,1,0,1,0,9,0,0,131,16,2,6,4,3,2,0,1,0,0,1,4,1,2,0,0,0
2710,0,1,0,1,0,9,0,0,131,16,1,4,4,3,2,0,1,0,0,1,4,1,2,0,0,0
2714,0,0,0,1,0,9,0,0,128,23,1,12,0,4,2,0,1,0,0,0,4,0,1,0,0,0
2715,1,0,0,1,0,9,0,0,26,0,0,6,0,3,2,0,0,0,0,0,4,0,2,0,0,0
2719,0,1,1,1,0,9,0,0,137,3,1,3,0,4,2,0,1,0,0,0,0,1,1,0,0,0
2723,0,0,0,1,0,9,0,0,117,9,3,12,4,3,2,0,0,0,0,0,4,0,2,0,0,0
2724,0,0,0,1,0,9,0,0,116,6,3,7,4,4,2,0,0,0,0,0,5,0,1,0,0,0
2726,0,0,0,1,0,9,0,0,72,22,0,3,0,4,12,0,0,0,0,0,4,0,1,0,0,0
2729,0,1,0,1,0,10,0,0,70,11,2,5,4,3,13,0,0,1,0,0,4,0,2,0,0,0
2731,0,1,0,1,0,11,0,0,137,18,2,10,6,3,13,0,0,1,8,0,4,0,2,0,0,5
2739,0,1,0,1,0,10,0,0,17,14,3,14,4,3,13,0,0,1,0,0,5,0,2,0,0,0
2740,1,0,0,1,0,7,0,0,119,16,0,7,4,3,2,0,1,1,0,0,4,0,2,0,1,0
2741,0,1,0,1,0,6,0,0,108,21,0,3,0,4,2,0,1,0,0,0,0,1,1,0,0,0
2742,0,1,0,1,0,11,0,0,48,21,0,9,0,3,13,0,0,1,8,0,3,0,1,0,0,5
2746,1,1,0,1,0,6,0,0,5,2,1,1,0,3,2,0,0,0,0,0,3,1,1,0,0,0
2747,0,0,0,1,1,6,0,0,95,14,0,7,4,4,7,0,0,0,0,0,4,0,1,0,0,0
2749,0,0,0,1,1,6,0,0,65,21,3,7,0,4,7,0,0,0,0,0,5,0,1,0,0,0
2751,1,1,0,1,0,7,0,0,126,8,1,4,4,3,2,0,0,0,0,1,4,0,2,0,0,0
2753,1,1,0,1,0,7,0,0,126,8,3,10,4,3,2,0,0,0,0,1,4,0,2,0,0,0
2754,0,0,0,1,0,7,0,0,31,18,0,5,4,4,2,0,1,0,0,0,4,0,1,0,0,0
2757,0,0,0,1,0,7,0,0,31,18,0,5,4,4,12,0,1,0,0,0,4,0,1,0,0,0
2758,0,1,0,1,0,7,0,0,56,1,1,5,0,3,2,1,1,0,0,1,4,1,2,0,0,0
2761,0,1,0,1,0,7,0,0,56,1,2,7,0,3,13,1,1,0,0,1,4,1,2,0,0,0
2762,0,0,0,1,1,7,0,0,113,11,3,14,4,3,14,0,0,0,0,0,4,0,2,0,0,0
2764,0,1,0,1,0,7,0,0,134,20,3,5,0,3,2,0,1,0,0,1,5,0,2,0,0,0
2768,0,1,0,1,0,7,0,0,134,20,2,1,0,3,13,0,1,0,0,1,5,0,2,0,0,0
2771,0,1,0,1,0,7,0,0,40,11,0,11,4,3,13,0,1,0,0,1,4,0,2,0,0,0
2774,0,1,0,1,0,7,0,0,40,11,1,9,4,3,12,0,1,0,0,1,4,0,2,0,0,0
2775,0,1,0,1,0,7,0,0,40,11,2,8,4,3,2,0,1,0,0,1,4,0,2,0,0,0
2777,0,1,0,1,0,7,0,0,40,11,1,7,4,3,12,0,1,0,0,1,4,0,2,0,0,0
2780,0,1,0,1,0,7,0,0,30,17,2,1,4,3,2,0,0,0,0,0,4,0,2,0,0,0
2782,0,1,0,1,0,7,0,0,30,17,2,5,4,3,12,0,0,0,0,0,4,0,2,0,0,0
2784,0,0,0,1,0,7,0,0,93,20,2,3,4,3,2,0,1,0,0,0,4,0,2,0,0,0
2789,1,1,0,1,0,10,0,0,7,15,0,9,4,3,2,0,0,0,8,0,3,1,1,0,0,0
2792,1,0,0,1,0,10,0,0,117,19,3,14,0,4,0,0,0,1,8,0,4,0,1,0,0,5
2795,0,1,0,1,0,10,0,0,78,19,2,3,0,4,0,0,1,0,0,0,4,1,1,0,0,0
2796,0,1,0,1,0,10,0,0,78,19,1,8,0,4,2,0,1,0,0,0,4,1,1,0,0,0
2800,0,1,0,1,0,10,0,0,36,19,1,11,4,4,14,0,0,1,0,0,4,0,2,0,0,0
2803,0,0,0,1,0,10,0,0,137,19,3,9,0,4,2,0,0,1,8,0,4,0,1,0,0,5
2805,0,0,0,1,0,10,0,0,42,19,2,15,0,3,13,0,0,0,0,0,4,0,2,0,0,0