,ACCLASS,AG_DRIV,ALCOHOL,AUTOMOBILE,CYCLIST,DATE,DISABILITY,EMERG_VEH,HOOD_ID,HOUR,INITDIR,INVAGE,LIGHT,LOCCOORD,MANOEUVER,MOTORCYCLE,PASSENGER,PEDESTRIAN,RDSFCOND,REDLIGHT,ROAD_CLASS,SPEEDING,TRAFFCTL,TRSN_CITY_VEH,TRUCK,VISIBILITY
6024,1,0,0,1,0,12,0,0,137,22,1,9,0,4,2,0,0,0,0,0,4,0,1,0,0,0
6026,0,0,0,1,0,12,0,0,81,2,0,9,0,3,2,0,0,1,0,0,4,0,2,0,0,0
6028,0,0,0,1,0,12,0,0,119,15,1,7,4,3,2,0,0,1,8,0,4,0,1,0,0,0
6029,0,1,1,1,0,9,0,0,131,23,1,4,0,3,2,0,0,0,0,0,5,0,2,0,0,0
6032,0,0,0,1,1,12,0,0,68,16,0,4,4,4,9,0,0,0,0,0,4,0,1,0,0,0
6037,1,1,0,0,0,12,0,0,96,20,2,8,0,4,2,0,1,1,0,0,4,0,1,1,0,0
6040,1,0,0,1,0,12,0,0,130,17,0,13,0,3,2,0,1,1,8,0,4,0,2,0,0,6
6048,0,1,1,1,0,12,0,0,67,21,0,4,0,4,0,0,0,1,0,0,4,0,1,0,0,0
6049,0,0,0,1,0,1,0,0,90,3,2,9,0,4,2,0,0,1,8,0,3,0,1,0,0,0
6051,0,1,0,1,1,1,0,0,95,5,2,10,0,3,13,0,0,0,8,0,4,0,2,0,0,0
6053,0,1,0,1,0,1,0,0,137,1,2,9,0,3,13,1,0,0,0,0,4,1,2,0,0,0
6054,0,1,0,1,0,1,0,0,137,1,1,2,0,3,2,1,0,0,0,0,4,1,2,0,0,0
6055,0,0,0,1,0,1,0,0,107,16,1,10,6,3,2,0,0,0,0,0,4,0,1,0,0,0
6056,0,1,0,1,0,8,0,0,129,20,0,2,6,3,13,0,0,0,8,0,4,0,2,0,0,5
6057,0,0,0,1,0,1,0,0,107,16,2,4,6,3,2,0,0,0,0,0,4,0,1,0,0,0
6058,0,0,0,1,0,1,0,0,107,16,2,4,6,3,2,0,0,0,0,0,4,0,1,0,0,0
6059,0,1,0,1,0,1,0,0,95,10,2,10,4,3,13,0,0,1,0,0,4,0,2,0,0,0
6062,0,0,0,1,0,1,0,0,128,16,1,2,0,3,14,0,0,1,8,0,4,0,2,0,0,0
6064,0,1,0,1,0,1,0,0,117,19,3,12,0,4,2,0,0,0,8,0,4,0,1,0,0,0
6065,1,1,0,1,0,7,0,0,89,16,2,3,4,3,12,0,1,0,0,0,4,0,2,1,0,0
6066,0,1,0,1,0,1,0,0,117,19,3,6,0,4,12,0,0,0,8,0,4,0,1,0,0,0
6069,0,0,0,0,0,1,0,0,76,14,3,6,4,4,2,0,0,1,8,0,4,0,1,1,0,6
6070,0,0,0,1,0,1,0,0,137,20,0,6,0,3,2,0,1,0,3,0,4,0,2,0,0,6
6073,0,0,0,1,0,1,0,0,137,20,0,8,0,3,2,0,1,0,3,0,4,0,2,0,0,6
6074,0,1,0,1,0,1,0,0,77,14,1,8,4,3,13,0,0,1,8,0,4,0,1,0,0,0
6076,0,0,0,1,0,1,0,0,24,19,3,5,0,4,2,0,0,1,0,0,4,0,1,0,0,0
6078,0,1,0,1,0,1,0,0,119,8,2,6,4,3,2,0,1,0,8,0,4,1,1,1,0,0
6081,0,1,0,1,0,1,0,0,119,8,2,3,4,3,12,0,1,0,8,0,4,1,1,1,0,0
6083,0,1,0,1,0,1,0,0,38,12,2,7,4,3,14,0,0,1,0,0,4,0,2,0,0,0
6085,0,1,0,1,0,1,0,0,125,6,3,6,2,3,12,0,1,0,8,0,4,0,2,0,0,0
6088,0,1,0,1,0,1,0,0,125,6,3,6,2,3,2,0,1,0,8,0,4,0,2,0,0,0
6092,1,0,0,0,0,1,0,0,78,10,3,8,4,3,2,0,0,1,8,0,4,0,1,1,0,0
6094,0,1,0,1,0,1,0,0,76,11,3,3,4,3,2,0,1,1,0,0,4,0,2,0,0,0
6095,0,1,0,1,0,1,0,0,76,11,0,6,4,3,13,0,1,1,0,0,4,0,2,0,0,0
6097,0,0,1,0,0,1,0,0,77,19,3,6,0,3,2,0,0,1,3,0,4,0,1,0,1,6
6103,0,1,0,1,0,1,0,0,39,3,1,3,0,3,2,0,1,0,5,1,4,0,2,1,0,6
6105,0,1,0,1,0,1,0,0,39,3,0,7,0,3,2,0,1,0,5,1,4,0,2,1,0,6
6106,0,1,0,1,0,1,0,0,111,6,2,10,0,4,2,0,0,1,8,0,0,0,2,0,0,0
6110,0,1,0,1,0,1,0,0,11,10,0,7,4,4,2,0,1,0,6,0,5,1,1,0,0,6
6111,0,1,0,1,0,1,0,0,90,20,3,12,0,3,2,0,0,0,0,0,4,1,2,0,0,0
6112,0,1,0,1,0,1,0,0,90,20,3,9,0,3,2,0,0,0,0,0,4,1,2,0,0,0
6113,0,1,0,1,0,1,0,0,60,13,3,11,4,3,2,0,0,1,8,1,4,0,2,0,0,6
6116,0,0,0,1,0,1,0,0,111,15,0,5,4,3,13,0,0,1,0,0,4,0,2,0,0,0
6118,0,1,0,1,0,1,0,0,30,19,0,5,0,3,12,0,1,0,8,0,4,0,2,0,0,5
6119,0,1,0,1,0,1,0,0,30,19,0,1,0,3,11,0,1,0,8,0,4,0,2,0,0,5
6121,0,1,0,1,0,1,0,0,131,15,3,9,4,4,2,0,1,0,8,0,5,1,1,0,0,0
6123,0,1,0,1,0,1,0,0,131,15,3,8,4,4,12,0,1,0,8,0,5,1,1,0,0,0
6125,1,0,0,0,0,1,0,0,92,5,2,9,0,3,12,0,0,1,6,0,4,0,1,1,0,6
6127,0,1,1,1,0,10,0,0,122,20,0,4,0,4,2,1,0,0,0,0,4,0,1,0,0,0
6128,0,1,0,1,0,11,0,0,124,19,3,8,0,3,2,0,1,0,0,0,4,0,2,0,0,0
6130,0,1,1,1,0,10,0,0,122,20,0,7,0,4,11,1,0,0,0,0,4,0,1,0,0,0
6131,0,1,0,1,1,4,0,0,76,13,0,3,4,4,8,0,0,0,0,0,4,0,1,0,0,0
6132,0,0,0,1,1,1,0,0,76,11,0,6,4,4,0,0,0,0,8,0,4,0,1,0,0,0
6134,0,1,0,1,0,8,0,0,78,10,1,13,4,4,2,0,0,1,4,0,4,0,1,0,0,0
6135,0,1,1,1,0,9,0,0,131,23,0,4,0,3,2,0,0,0,0,0,5,0,2,0,0,0
6136,0,1,0,1,0,11,0,0,124,19,0,6,0,3,2,0,1,0,0,0,4,0,2,0,0,0
6137,0,1,0,1,0,10,0,0,130,9,2,13,4,3,13,0,0,1,0,0,4,0,2,0,0,0
6139,0,1,0,1,0,8,0,0,78,10,0,11,4,4,12,0,0,1,4,0,4,0,1,0,0,0
6143,0,1,0,1,1,4,0,0,137,5,1,8,0,4,2,0,0,0,8,0,4,1,1,0,0,5
6145,0,1,0,1,0,11,0,0,124,19,2,15,0,3,13,0,1,0,0,0,4,0,2,0,0,0
6146,1,1,0,1,0,7,0,0,89,16,1,7,4,3,2,0,1,0,0,0,4,0,2,1,0,0
6147,0,1,0,1,0,3,0,0,89,11,3,8,4,3,13,0,0,1,8,0,4,0,2,0,0,6
6150,0,1,0,1,0,9,0,0,51,14,2,4,4,3,2,1,0,0,0,0,4,0,2,0,0,0
6151,0,1,0,1,0,7,0,0,79,2,2,3,0,3,2,0,0,1,0,0,4,1,2,0,0,0
6152,0,1,0,1,0,7,0,0,79,2,1,3,0,3,13,0,0,1,0,0,4,1,2,0,0,0
6160,1,0,0,1,0,7,0,0,137,1,0,1,0,3,2,0,1,0,0,0,0,0,1,0,0,0
6163,0,1,0,1,0,7,0,0,76,4,0,5,0,3,2,0,0,1,0,1,4,0,2,0,0,0
6165,0,0,0,1,0,7,0,0,45,2,0,2,0,4,2,0,0,1,8,0,4,0,1,0,0,5
6168,0,1,0,0,0,6,0,0,87,17,3,4,4,3,2,0,1,0,8,0,4,0,2,1,0,0
6169,0,0,0,0,1,7,0,0,82,21,3,8,0,4,2,0,0,0,0,0,4,0,2,1,0,0
6171,0,1,0,1,0,7,0,0,107,8,0,3,4,3,13,0,0,1,0,0,5,0,2,0,0,0
6175,0,0,0,1,1,7,0,0,76,12,0,3,4,3,12,0,0,0,0,0,4,0,2,0,0,0
6177,0,0,0,1,0,7,0,0,69,17,3,3,4,4,2,1,0,0,0,0,4,0,1,0,0,0
6181,0,0,0,1,0,7,0,0,69,17,0,5,4,4,3,1,0,0,0,0,4,0,1,0,0,0
6183,0,0,0,1,0,7,0,0,78,2,3,8,0,3,2,0,0,1,0,0,4,0,2,0,0,0
6188,0,1,1,1,0,7,0,0,93,3,1,3,4,3,2,0,0,0,0,0,4,1,1,0,0,0
6190,0,0,0,1,0,7,0,0,115,13,3,3,4,3,2,0,0,1,8,0,4,0,2,0,0,5
6192,0,1,0,1,1,7,0,0,6,13,2,9,4,3,14,0,0,0,0,0,4,0,2,0,0,0
6194,0,0,0,0,1,7,0,0,75,19,1,4,4,3,2,0,0,0,0,0,4,0,2,0,0,0
6197,0,1,0,1,1,7,0,0,76,9,1,8,4,3,2,0,0,0,0,1,4,0,2,0,0,0
6199,1,1,0,1,0,7,0,0,40,11,0,13,4,3,2,0,0,0,0,1,4,0,2,0,0,0
6200,1,1,0,1,0,7,0,0,40,11,0,7,4,3,2,0,0,0,0,1,4,0,2,0,0,0
6201,1,1,0,1,0,7,0,0,40,11,2,15,4,3,2,0,0,0,0,1,4,0,2,0,0,0
6203,0,1,0,1,0,7,0,0,95,14,1,3,4,3,2,0,0,0,0,0,4,0,1,0,0,0
6204,0,1,0,1,0,7,0,0,95,14,1,6,4,3,12,0,0,0,0,0,4,0,1,0,0,0
6206,0,1,0,1,0,7,0,0,101,5,3,9,0,3,14,0,0,0,0,0,4,0,2,0,0,0
6207,0,1,0,1,0,7,0,0,101,5,1,3,0,3,2,0,0,0,0,0,4,0,2,0,0,0
6210,0,1,0,1,0,7,0,0,77,20,0,3,4,3,2,1,1,0,0,0,0,0,2,0,0,0
6211,0,1,0,1,0,7,0,0,77,20,3,3,4,3,13,1,1,0,0,0,0,0,2,0,0,0
6212,1,1,1,1,0,7,0,0,36,7,1,10,4,3,2,0,1,0,0,0,0,1,2,0,0,0
6215,1,1,1,1,0,7,0,0,36,7,3,3,4,3,2,0,1,0,0,0,0,1,2,0,0,0
6218,0,1,0,1,0,8,0,0,96,8,2,4,4,3,2,0,1,0,0,0,5,0,2,0,0,0
6219,0,1,0,1,0,8,0,0,96,8,3,3,4,3,2,0,1,0,0,0,5,0,2,0,0,0
6220,0,0,0,1,0,8,0,0,50,15,1,2,4,4,2,1,0,0,0,0,4,0,1,0,0,0
6221,0,0,0,1,0,8,0,0,50,15,2,5,4,4,13,1,0,0,0,0,4,0,1,0,0,0
6223,0,0,0,0,0,8,0,0,117,8,1,9,4,3,2,0,0,1,0,0,4,0,2,0,1,0
6226,0,0,0,1,0,8,0,0,40,12,1,7,4,3,2,0,0,1,0,0,4,0,1,0,0,0
6228,0,0,0,0,1,8,0,0,103,15,2,7,4,3,2,0,0,0,8,0,4,0,1,0,0,5
6229,0,0,0,0,0,8,0,0,76,19,3,7,4,3,2,1,0,1,0,0,4,0,1,0,0,0
6233,0,0,0,1,1,8,0,0,64,20,0,12,6,3,2,0,0,0,0,0,4,0,1,0,0,0
6236,0,1,0,1,0,8,0,0,124,11,3,9,4,3,12,0,1,0,0,0,4,0,2,1,0,0
6239,0,1,0,1,0,8,0,0,124,11,3,9,4,3,11,0,1,0,0,0,4,0,2,1,0,0
6240,0,1,0,1,0,8,0,0,77,9,0,5,4,3,2,0,0,0,0,0,0,0,2,0,0,0
6241,0,1,0,1,0,8,0,0,77,9,2,7,4,3,2,0,0,0,0,0,0,0,2,0,0,0
6242,0,0,0,1,0,8,0,0,79,18,1,3,4,4,2,0,0,1,0,0,4,0,1,0,0,0
6244,0,1,0,1,0,8,0,0,129,20,3,5,6,3,2,0,0,0,8,0,4,0,2,0,0,5
6246,0,0,0,1,0,11,0,0,21,23,3,2,0,3,2,1,0,0,0,0,4,0,2,0,0,0
6247,0,1,0,1,0,9,0,0,51,14,0,11,4,3,13,1,0,0,0,0,4,0,2,0,0,0
6249,0,0,1,1,0,1,0,0,85,3,0,7,0,4,2,0,0,0,0,0,4,0,1,0,0,0
6254,0,1,0,1,1,9,0,0,125,9,1,3,4,3,2,0,0,0,0,1,4,0,2,0,0,0
6255,0,0,1,1,0,1,0,0,85,3,0,9,0,4,12,0,0,0,0,0,4,0,1,0,0,0
6256,0,0,0,1,0,4,0,0,138,17,1,5,4,3,2,0,0,1,0,0,4,0,2,0,0,0
6257,0,0,0,1,0,3,0,0,75,19,2,2,0,3,2,0,0,1,8,0,5,0,2,0,0,0
6258,0,0,0,1,0,11,0,0,21,23,0,2,0,3,13,1,0,0,0,0,4,0,2,0,0,0
6260,0,1,0,1,0,10,0,0,93,22,1,5,0,4,12,0,0,0,8,0,5,0,1,0,1,5
6264,0,1,0,1,0,11,0,0,87,18,2,5,0,3,13,0,0,1,8,0,4,0,2,0,0,5
6266,0,0,1,1,0,1,0,0,85,3,0,6,0,4,12,0,0,0,0,0,4,0,1,0,0,0
6269,0,1,0,1,0,1,0,0,95,15,0,10,4,3,13,0,0,0,3,0,4,0,2,0,0,6
6271,0,1,0,1,0,8,0,0,129,17,3,12,4,4,13,0,0,1,0,0,4,0,1,0,0,0
6272,0,1,0,1,0,10,0,0,93,22,1,12,0,4,6,0,0,0,8,0,5,0,1,0,1,5
6274,0,0,0,1,0,4,0,0,12,19,1,6,4,4,13,0,0,1,0,0,4,0,1,0,0,0
6275,0,1,0,1,0,1,0,0,95,15,2,6,4,3,2,0,0,0,3,0,4,0,2,0,0,6
6278,0,0,0,1,0,3,0,0,127,13,3,1,4,3,2,0,0,1,0,0,4,0,2,0,0,0
6280,0,0,0,1,0,10,0,0,27,6,0,7,0,3,2,0,0,1,8,0,4,0,2,0,0,5
6285,0,0,0,1,0,11,0,0,24,20,2,6,0,4,2,0,0,1,8,0,5,0,1,0,0,5
6288,0,0,0,1,0,3,0,0,75,13,2,5,4,4,2,0,0,1,0,0,5,0,1,0,0,0
6290,0,1,0,1,0,1,0,0,22,13,2,12,4,4,13,0,1,0,8,0,4,0,1,0,0,0
6291,0,1,0,1,0,1,0,0,22,13,3,7,4,4,2,0,1,0,8,0,4,0,1,0,0,0
6292,0,1,0,1,0,1,0,0,137,8,2,11,4,4,2,0,0,1,8,0,4,0,1,0,0,0
6294,1,1,0,1,0,1,0,0,102,20,2,12,0,4,2,0,0,1,8,0,4,0,1,0,0,0
6296,0,1,0,1,1,1,0,0,76,17,2,7,0,3,3,0,0,0,0,0,4,0,1,0,0,0
6301,0,0,0,1,0,1,0,0,14,10,3,3,4,3,2,0,0,0,0,0,5,0,1,1,0,0
6304,0,0,0,1,0,1,0,0,14,10,3,9,4,3,12,0,0,0,0,0,5,0,1,1,0,0
6307,1,1,0,0,0,1,0,0,93,0,3,5,0,3,14,0,0,1,0,0,4,0,1,1,0,0
6309,0,1,0,1,0,1,0,0,123,7,2,7,4,3,13,0,0,1,0,0,4,0,2,0,0,0
6312,0,1,0,0,0,2,0,0,2,8,0,6,4,3,14,0,0,1,3,0,4,0,2,1,0,6
6314,0,0,0,1,0,2,0,0,84,8,2,5,4,3,2,0,0,1,0,0,5,0,1,0,0,0
6317,1,1,0,1,0,2,0,0,12,8,2,7,4,3,13,0,1,1,0,0,4,0,2,0,0,0
6319,0,0,0,1,0,2,0,0,73,18,0,10,0,3,2,0,0,1,0,0,4,0,2,0,0,0
6322,0,0,0,1,0,2,0,0,82,1,0,3,0,3,2,0,0,1,8,0,4,0,1,0,0,6
6325,0,1,0,1,0,2,0,0,115,11,2,5,4,4,2,0,1,0,0,0,4,0,1,0,0,0
6327,0,1,0,1,0,2,0,0,115,11,1,13,4,4,2,0,1,0,0,0,4,0,1,0,0,0
6328,0,1,0,1,0,2,0,0,131,12,0,9,4,3,2,0,0,1,0,0,4,0,2,0,0,0
6329,0,1,0,1,0,2,0,0,131,12,3,3,4,3,13,0,0,1,0,0,4,0,2,0,0,0
6333,0,0,0,1,0,2,0,0,104,14,1,7,4,4,14,0,0,0,0,0,4,0,1,0,0,0
6335,0,0,0,1,0,2,0,0,104,14,1,3,4,4,2,0,0,0,0,0,4,0,1,0,0,0
6336,0,1,0,1,0,2,0,0,111,12,3,8,4,3,2,0,0,0,0,0,4,1,2,0,0,0
6337,0,1,0,1,0,2,0,0,111,12,0,8,4,3,13,0,0,0,0,0,4,1,2,0,0,0
6339,0,0,0,1,0,2,0,0,70,14,3,8,4,3,13,0,0,1,0,0,5,0,2,0,0,0
6342,0,1,1,1,0,2,0,0,93,3,1,3,4,3,2,0,0,0,0,0,4,0,1,0,0,0
6344,0,1,1,1,0,2,0,0,93,3,1,3,4,3,2,0,0,0,0,0,4,0,1,0,0,0
6345,0,0,0,1,0,2,0,0,132,9,2,4,4,3,13,0,0,1,0,0,5,0,2,0,0,0
6348,0,1,0,1,0,2,0,0,44,13,0,13,4,4,2,0,1,0,0,0,0,0,1,0,0,0
6349,0,1,0,1,0,2,0,0,44,13,0,6,4,4,3,0,1,0,0,0,0,0,1,0,0,0
6351,0,0,0,1,0,2,0,0,23,20,2,3,0,3,2,0,0,1,0,0,4,0,1,0,0,0
6354,0,1,0,1,0,2,0,0,42,12,0,11,4,3,14,0,0,1,0,0,4,0,2,0,0,0
6357,0,0,0,1,0,2,0,0,14,18,0,7,0,3,2,0,0,1,0,0,4,0,2,0,0,0
6360,0,0,0,1,0,2,0,0,139,11,1,10,4,3,13,0,1,0,8,0,4,0,2,0,0,5
6363,0,0,0,1,0,2,0,0,139,11,0,5,4,3,2,0,1,0,8,0,4,0,2,0,0,5
6364,0,0,1,1,0,2,0,0,15,22,1,6,0,4,2,0,0,0,0,0,5,0,1,0,0,0
6366,0,0,1,1,0,2,0,0,15,22,2,2,0,4,2,0,0,0,0,0,5,0,1,0,0,0
6368,0,0,0,1,0,3,1,0,53,5,0,4,4,3,2,0,0,0,0,0,0,0,2,0,0,0
6369,0,1,0,1,0,3,0,0,82,21,0,5,0,3,14,0,0,1,8,0,4,0,2,0,0,5
6373,0,0,0,1,0,3,0,0,8,22,3,7,0,3,2,0,0,1,8,0,4,0,2,0,0,5
6375,0,0,0,1,0,3,0,0,136,15,3,6,4,3,13,0,0,1,0,0,4,0,2,0,0,0
6377,0,0,0,0,0,3,0,0,78,7,3,3,4,3,11,0,0,1,8,0,4,0,1,0,1,5
6381,0,0,0,1,0,4,0,0,64,15,3,2,4,4,2,1,0,0,0,0,4,0,1,0,0,0
6382,1,0,0,0,0,11,0,0,88,8,1,4,4,3,2,0,0,1,8,0,5,0,1,0,1,5
6385,0,0,0,1,0,4,0,0,64,15,3,11,4,4,7,1,0,0,0,0,4,0,1,0,0,0
6389,0,0,0,1,0,9,0,0,30,17,2,3,4,4,2,0,1,0,0,0,4,0,1,0,0,0
6392,0,1,0,1,0,3,0,0,73,8,3,7,4,3,13,0,1,0,0,0,4,0,1,0,0,0
6393,0,1,0,1,0,10,0,0,71,17,0,1,4,4,2,0,0,0,8,0,4,1,1,0,0,5
6394,0,0,0,1,0,4,0,0,64,15,3,1,4,4,0,1,0,0,0,0,4,0,1,0,0,0
6400,0,0,0,1,0,8,0,0,80,17,1,3,4,4,10,0,0,1,0,0,3,0,1,0,0,0
6401,0,0,0,1,0,9,0,0,30,17,1,7,4,4,2,0,1,0,0,0,4,0,1,0,0,0
6402,0,1,0,1,0,10,0,0,71,17,3,4,4,4,2,0,0,0,8,0,4,1,1,0,0,5
6403,0,1,0,1,0,3,0,0,73,8,0,7,4,3,2,0,1,0,0,0,4,0,1,0,0,0
6405,0,0,0,1,0,11,0,0,124,15,1,8,4,3,14,0,0,1,0,0,4,0,2,0,0,0
6408,0,1,0,1,0,4,0,0,4,15,1,6,4,3,12,0,1,0,0,0,4,0,2,0,0,0
6409,0,1,0,1,0,9,0,0,66,17,2,6,4,3,11,0,0,0,0,0,4,0,1,1,0,0
6410,0,0,0,1,0,10,0,0,75,15,1,7,4,3,2,1,0,0,0,0,5,0,1,0,0,0
6414,0,0,0,1,0,10,0,0,75,15,2,2,4,3,13,1,0,0,0,0,5,0,1,0,0,0
6416,0,1,0,1,0,9,0,0,66,17,2,6,4,3,2,0,0,0,0,0,4,0,1,1,0,0
6417,0,1,0,1,0,3,0,0,98,18,3,13,4,3,13,0,1,1,0,0,4,0,2,0,0,0
6418,0,0,0,1,1,10,0,0,63,18,3,3,0,3,7,0,0,0,0,0,5,0,1,0,0,0
6420,0,1,0,1,0,4,0,0,4,15,3,8,4,3,13,0,1,0,0,0,4,0,2,0,0,0
6421,1,0,0,0,0,8,0,0,70,22,0,5,0,3,2,0,0,1,0,0,4,0,2,1,0,0
6423,0,0,0,1,0,10,0,0,119,8,1,4,4,3,2,0,0,1,0,0,4,0,2,0,0,0
6431,0,0,0,1,0,11,0,0,35,18,0,13,4,3,2,0,1,1,0,0,4,0,2,0,0,0
6432,0,1,0,1,0,4,0,0,4,15,0,2,4,3,2,0,1,0,0,0,4,0,2,0,0,0
6434,0,1,0,1,0,3,0,0,76,1,1,7,0,3,2,0,0,0,0,1,4,0,2,0,0,0
6435,0,1,0,1,0,9,0,0,3,22,0,2,0,3,2,1,0,0,0,0,4,1,1,0,0,0
6438,0,1,0,1,0,9,0,0,3,22,0,8,0,3,2,1,0,0,0,0,4,1,1,0,0,0
6440,0,0,0,1,1,9,0,0,108,17,3,2,4,3,13,0,0,0,0,0,5,0,2,0,0,0
6443,0,1,0,0,0,9,0,0,71,15,3,5,4,4,6,1,1,0,0,0,5,0,1,0,0,0
6444,0,0,0,1,0,9,0,0,107,19,1,4,0,3,2,1,0,0,0,0,4,0,1,0,0,0
6445,0,0,0,1,0,9,0,0,107,19,2,6,0,3,13,1,0,0,0,0,4,0,1,0,0,0
6449,1,1,1,1,0,9,0,0,1,22,1,7,0,3,2,0,1,0,0,0,4,1,2,0,0,0
6454,1,1,1,1,0,9,0,0,1,22,3,4,0,3,13,0,1,0,0,0,4,1,2,0,0,0
6455,1,0,0,1,1,9,0,0,85,23,0,4,0,3,2,0,0,0,0,0,4,0,2,0,0,0
6456,1,0,0,1,1,9,0,0,85,23,0,10,0,3,2,0,0,0,0,0,4,0,2,0,0,0
6457,0,0,0,1,0,9,0,0,62,10,1,10,4,3,13,0,0,1,8,0,4,0,2,0,0,5
6459,0,1,0,1,0,9,0,0,129,21,1,6,0,3,13,0,0,1,8,0,4,0,2,0,0,5
6461,0,1,0,1,0,9,0,0,25,6,0,9,0,3,13,0,0,1,0,0,4,0,2,0,0,0
6468,0,1,0,1,0,9,0,0,99,6,1,8,4,3,13,0,1,0,0,0,4,0,2,0,0,0
6471,0,1,0,1,0,9,0,0,99,6,2,6,4,3,2,0,1,0,0,0,4,0,2,0,0,0
6472,0,0,0,1,0,10,0,0,85,12,0,4,4,3,2,1,0,0,0,0,4,0,2,0,0,0
6473,0,0,0,1,0,10,0,0,85,12,3,9,4,3,13,1,0,0,0,0,4,0,2,0,0,0
6476,0,1,0,1,0,10,0,0,73,18,2,6,4,3,2,1,0,0,0,1,4,0,2,0,0,0
6477,0,1,0,1,0,10,0,0,73,18,0,2,4,3,2,1,0,0,0,1,4,0,2,0,0,0
6481,0,0,0,1,0,10,0,0,120,20,0,5,0,4,11,0,1,1,0,0,5,0,1,0,0,0
6483,0,0,0,1,1,10,0,0,122,22,1,10,0,4,13,0,0,0,0,0,3,0,1,0,0,0
6486,0,0,0,1,0,10,0,0,6,8,3,7,4,4,2,0,0,1,0,0,3,0,1,0,0,0
6489,0,1,0,1,0,10,0,0,88,11,3,9,4,3,12,0,0,1,0,0,4,0,2,0,0,0
6493,0,1,0,1,0,10,0,0,88,11,2,6,4,3,13,0,0,1,0,0,4,0,2,0,0,0
6495,0,1,0,1,0,10,0,0,77,16,0,4,4,3,2,0,0,0,8,0,5,0,2,0,0,5
6496,0,1,0,1,0,10,0,0,77,16,3,5,4,3,13,0,0,0,8,0,5,0,2,0,0,5
6497,0,1,0,1,0,10,0,0,131,17,0,4,4,4,2,0,0,0,8,0,5,1,1,0,0,5
6499,1,1,0,1,0,10,0,0,51,20,2,6,0,4,2,0,0,1,0,0,5,0,2,0,0,0
6501,0,1,0,1,0,10,0,0,3,8,0,7,4,3,2,0,0,1,0,1,4,0,2,0,0,0
6504,0,1,0,0,0,10,0,0,118,9,3,10,4,4,8,0,0,1,0,0,4,0,1,1,0,0
6506,0,1,0,1,0,10,0,0,26,11,0,3,4,3,2,1,0,0,0,0,4,0,1,0,0,0
6507,0,1,0,1,0,10,0,0,26,11,3,13,4,3,13,1,0,0,0,0,4,0,1,0,0,0
6509,0,1,0,1,0,10,0,0,98,22,0,6,0,3,12,0,1,0,0,0,4,0,2,0,0,0
6510,0,1,0,1,0,10,0,0,98,22,0,6,0,3,12,0,1,0,0,0,4,0,2,0,0,0
6511,0,1,0,1,0,10,0,0,98,22,0,7,0,3,2,0,1,0,0,0,4,0,2,0,0,0
6512,0,1,0,1,0,10,0,0,1,2,1,4,0,3,2,0,0,0,0,0,4,1,1,0,1,0
6515,0,1,0,1,0,10,0,0,51,2,1,2,4,3,2,0,0,0,0,0,4,1,1,0,0,0
6516,0,1,0,1,0,10,0,0,1,2,1,2,0,3,2,0,0,0,0,0,4,1,1,0,1,0
6518,0,0,0,1,0,10,0,0,47,11,0,13,4,3,2,0,0,1,0,0,4,0,2,0,0,0
6523,0,1,0,1,0,3,0,0,76,1,3,6,0,3,2,0,0,0,0,1,4,0,2,0,0,0
6524,0,1,0,1,0,11,0,0,77,20,0,13,0,3,2,0,1,0,0,1,5,0,2,0,0,0
6527,0,0,0,1,0,3,0,0,70,16,2,8,4,3,10,0,1,0,0,0,3,0,1,0,0,0
6533,0,1,0,1,0,4,0,0,45,10,3,12,4,3,2,0,0,0,0,1,4,0,2,0,0,0
6534,0,1,0,1,0,4,0,0,45,10,0,2,4,3,13,0,0,0,0,1,4,0,2,0,0,0
6536,0,1,1,1,0,4,0,0,90,22,3,2,0,4,2,0,1,0,0,0,4,1,1,0,0,0
6538,1,1,0,1,0,4,0,0,77,18,0,3,4,3,2,1,0,0,0,0,4,1,1,0,0,0
6539,1,1,0,1,0,4,0,0,77,18,3,3,4,3,2,1,0,0,0,0,4,1,1,0,0,0
6540,0,1,0,1,0,5,0,0,111,5,3,10,4,3,14,0,0,1,0,0,4,0,2,0,0,0
6542,0,1,0,1,0,5,0,0,40,14,2,12,4,3,2,0,1,0,0,0,4,0,2,0,0,0
6544,0,1,0,1,0,5,0,0,40,14,2,6,4,3,12,0,1,0,0,0,4,0,2,0,0,0
6545,0,1,0,1,0,5,0,0,41,14,2,12,4,3,2,0,0,0,0,0,4,1,1,0,0,0
6546,0,1,0,1,0,5,0,0,41,14,1,10,4,3,2,0,0,0,0,0,4,1,1,0,0,0
6548,0,1,0,1,0,5,0,0,41,14,1,8,4,3,2,0,0,0,0,0,4,1,1,0,0,0
6549,0,0,0,1,0,5,1,0,30,9,3,13,4,3,2,0,0,0,0,0,4,0,2,0,0,0
6551,0,1,0,1,0,5,0,0,92,14,0,3,4,4,2,1,0,1,0,0,5,0,1,0,0,0
6552,0,1,0,1,0,5,0,0,92,14,0,8,4,4,12,1,0,1,0,0,5,0,1,0,0,0