,ACCLASS,AG_DRIV,ALCOHOL,AUTOMOBILE,CYCLIST,DATE,DISABILITY,EMERG_VEH,HOOD_ID,HOUR,INITDIR,INVAGE,LIGHT,LOCCOORD,MANOEUVER,MOTORCYCLE,PASSENGER,PEDESTRIAN,RDSFCOND,REDLIGHT,ROAD_CLASS,SPEEDING,TRAFFCTL,TRSN_CITY_VEH,TRUCK,VISIBILITY
7085,0,0,0,1,0,6,0,0,100,13,3,3,4,3,2,0,0,0,0,0,4,0,1,0,0,0
7087,0,0,0,1,0,6,0,0,131,22,1,1,0,4,2,0,1,0,0,0,3,0,1,0,0,0
7088,0,0,0,1,0,6,0,0,77,0,0,3,0,4,2,1,0,0,0,0,4,0,1,0,0,0
7091,0,0,0,1,1,6,0,0,93,14,3,13,4,3,14,0,0,0,0,0,4,0,1,0,0,0
7092,0,0,0,1,1,6,0,0,93,14,3,5,4,3,2,0,0,0,0,0,4,0,1,0,0,0
7096,1,1,0,1,0,6,0,0,50,14,3,3,4,3,2,0,0,1,0,0,4,0,2,0,0,0
7100,0,0,0,1,0,6,0,0,96,12,0,7,4,3,14,0,1,0,0,0,5,0,2,0,0,0
7102,0,1,0,1,0,6,0,0,51,1,2,3,0,4,2,0,0,0,0,0,4,0,1,0,0,0
7104,0,0,0,0,0,6,0,0,70,17,0,8,4,3,2,1,0,1,0,0,5,0,1,0,0,0
7107,0,0,0,0,1,6,0,0,85,9,2,4,4,3,2,0,0,0,8,0,5,0,2,1,0,5
7109,0,1,0,1,0,6,0,0,55,19,1,6,4,3,12,0,0,0,0,0,4,0,2,0,0,0
7110,0,1,0,1,0,6,0,0,55,19,0,7,4,3,2,0,0,0,0,0,4,0,2,0,0,0
7112,0,1,0,1,0,6,0,0,55,19,1,5,4,3,12,0,0,0,0,0,4,0,2,0,0,0
7114,0,1,0,1,0,6,0,0,55,19,3,2,4,3,13,0,0,0,0,0,4,0,2,0,0,0
7117,0,1,0,1,0,6,0,0,21,22,3,5,0,3,2,0,1,0,0,0,4,1,2,0,0,0
7119,0,1,0,1,0,6,0,0,21,22,3,5,0,3,2,0,1,0,0,0,4,1,2,0,0,0
7121,0,1,0,1,0,6,0,0,21,22,3,9,0,3,2,0,1,0,0,0,4,1,2,0,0,0
7122,0,0,0,1,0,6,0,0,27,22,2,10,0,4,2,0,0,1,0,0,4,0,1,0,0,0
7125,0,0,0,1,0,6,0,0,2,9,3,2,4,4,2,0,0,0,0,0,4,0,1,0,0,0
7128,0,1,1,1,0,12,0,0,119,14,1,8,4,3,13,0,1,0,8,0,4,0,2,0,0,0
7129,1,1,0,1,0,9,0,0,1,13,0,2,4,4,2,0,0,0,0,0,4,1,1,0,0,0
7131,0,1,0,1,0,10,0,0,18,11,0,9,4,3,2,1,0,0,0,0,4,0,2,0,0,0
7134,0,1,0,1,0,10,0,0,18,11,1,13,4,3,13,1,0,0,0,0,4,0,2,0,0,0
7136,0,0,0,1,0,11,0,0,99,12,3,7,4,3,2,0,1,1,0,0,4,0,2,0,0,0
7137,0,0,0,1,0,6,0,0,2,9,0,11,4,4,2,0,0,0,0,0,4,0,1,0,0,0
7138,0,1,0,1,0,2,0,0,70,13,2,6,4,3,13,0,1,0,0,0,5,0,2,0,0,0
7141,0,1,1,1,0,12,0,0,119,14,2,4,4,3,2,0,1,0,8,0,4,0,2,0,0,0
7144,0,1,0,1,0,8,1,0,137,10,3,7,4,3,2,0,1,0,0,1,4,0,2,0,0,0
7145,0,1,0,1,0,8,1,0,137,10,2,13,4,3,2,0,1,0,0,1,4,0,2,0,0,0
7146,0,1,0,1,0,8,1,0,137,10,0,10,4,3,2,0,1,0,0,1,4,0,2,0,0,0
7147,0,1,0,1,0,8,1,0,137,10,3,10,4,3,2,0,1,0,0,1,4,0,2,0,0,0
7149,0,1,0,0,0,8,0,0,113,17,3,2,5,3,2,1,0,0,0,0,3,1,1,0,0,0
7152,0,0,0,1,0,7,0,0,52,16,1,10,4,4,2,0,1,0,0,0,4,0,1,0,0,0
7154,0,0,0,1,0,8,0,0,51,19,0,2,6,3,13,0,0,1,0,0,5,0,2,0,0,0
7156,0,0,0,1,0,8,0,0,81,16,3,4,4,3,2,1,0,0,0,0,4,0,1,0,0,0
7158,0,0,0,1,0,8,0,0,81,16,3,3,4,3,13,1,0,0,0,0,4,0,1,0,0,0
7159,0,0,0,1,0,8,0,0,15,18,3,6,4,4,2,1,0,0,0,0,4,0,1,0,0,0
7163,0,1,0,1,0,8,0,0,130,8,0,7,4,3,14,0,0,1,0,0,4,0,2,0,0,0
7166,0,0,0,1,1,8,0,0,97,19,1,6,4,3,6,0,0,0,0,0,3,0,1,0,0,0
7167,1,1,0,1,0,8,0,0,43,14,3,6,4,4,11,0,1,0,0,0,4,1,1,1,1,0
7169,0,0,0,1,0,8,0,0,77,19,0,6,4,4,0,1,0,0,0,0,4,0,1,0,0,0
7170,0,0,0,1,0,8,0,0,77,19,0,7,4,4,2,1,0,0,0,0,4,0,1,0,0,0
7171,0,0,0,0,0,8,0,0,120,16,1,3,4,3,2,1,0,0,0,0,4,0,2,0,0,0
7172,0,1,0,1,0,8,0,0,70,19,2,3,4,4,2,1,0,0,0,0,3,0,1,0,0,0
7173,0,1,0,1,0,8,0,0,70,19,2,7,4,4,2,1,0,0,0,0,3,0,1,0,0,0
7174,1,1,0,1,0,8,0,0,43,14,3,7,4,4,2,0,1,0,0,0,4,1,1,1,1,0
7178,1,1,0,1,0,8,0,0,43,14,3,8,4,4,0,0,1,0,0,0,4,1,1,1,1,0
7188,0,1,0,1,1,8,0,0,86,19,2,2,1,4,7,0,0,0,0,0,5,0,1,0,0,0
7190,0,0,0,0,1,8,0,0,90,9,3,10,4,3,14,0,0,0,0,0,4,0,2,0,1,0
7194,0,1,0,1,0,8,0,0,76,18,3,6,4,3,13,0,0,1,0,0,5,0,2,0,0,0
7197,1,1,0,1,0,9,0,0,129,15,2,5,4,4,2,0,0,0,0,0,4,1,1,0,0,0
7198,0,1,0,1,0,9,0,0,11,20,1,9,0,3,13,0,0,1,0,0,3,0,1,0,0,0
7201,0,1,0,1,0,9,0,0,21,18,2,9,4,3,2,0,1,0,0,1,4,0,2,0,0,0
7205,0,1,0,1,0,9,0,0,21,18,3,3,4,3,2,0,1,0,0,1,4,0,2,0,0,0
7207,0,1,0,1,0,9,0,0,93,19,0,8,0,3,2,0,0,0,0,1,4,0,2,0,0,0
7209,0,1,0,1,0,9,0,0,93,19,2,9,0,3,2,0,0,0,0,1,4,0,2,0,0,0
7210,0,1,0,1,0,9,0,0,93,19,1,9,0,3,12,0,0,0,0,1,4,0,2,0,0,0
7211,0,0,0,1,0,9,0,0,70,20,3,3,0,3,2,0,0,0,8,0,4,0,2,0,0,0
7212,0,0,0,1,0,9,0,0,70,20,2,4,0,3,12,0,0,0,8,0,4,0,2,0,0,0
7213,0,0,0,1,0,9,0,0,70,20,0,11,0,3,13,0,0,0,8,0,4,0,2,0,0,0
7215,0,0,0,0,0,9,0,0,129,10,1,8,4,4,2,0,0,1,0,0,4,0,1,1,0,0
7219,0,0,0,1,0,9,0,0,129,15,1,2,4,4,2,0,0,0,0,0,4,0,1,0,0,0
7220,0,0,0,0,1,9,0,0,95,9,0,7,4,3,2,0,0,0,0,0,4,0,1,1,0,0
7222,0,1,0,1,0,9,0,0,137,17,1,5,4,3,2,0,1,0,0,0,5,0,1,0,0,0
7225,0,1,0,1,0,9,0,0,137,17,1,2,4,3,12,0,1,0,0,0,5,0,1,0,0,0
7226,0,0,0,1,0,9,0,0,135,18,0,6,4,3,2,1,0,0,0,0,3,0,1,0,0,0
7227,0,0,0,1,0,9,0,0,135,18,3,9,4,3,2,1,0,0,0,0,3,0,1,0,0,0
7229,0,1,0,1,1,9,0,0,70,15,0,9,4,3,2,0,0,0,0,0,4,0,2,0,0,0
7232,1,1,0,1,0,9,0,0,1,13,3,9,4,4,13,0,0,0,0,0,4,1,1,0,0,0
7235,1,1,0,1,0,9,0,0,1,13,1,7,4,4,14,0,0,0,0,0,4,1,1,0,0,0
7238,0,1,0,1,0,11,0,0,107,6,1,11,0,3,2,1,0,0,0,0,5,0,2,0,0,0
7239,0,0,0,1,0,10,0,0,36,10,3,11,4,3,13,0,0,1,0,0,0,0,1,0,0,0
7243,0,0,0,1,0,6,0,0,44,15,3,14,4,3,2,0,0,1,0,0,4,0,2,0,0,0
7246,0,1,0,1,0,11,0,0,25,19,0,5,1,4,2,1,0,0,0,0,4,0,1,0,0,0
7247,0,0,0,1,0,12,0,0,76,19,2,6,1,3,2,0,0,1,0,0,4,0,1,0,0,0
7248,0,0,0,1,0,12,0,0,76,19,1,6,1,3,12,0,0,1,0,0,4,0,1,0,0,0
7250,0,0,0,1,0,1,0,0,138,20,3,5,0,4,2,0,0,1,8,0,4,0,1,0,0,0
7253,0,1,0,1,0,1,0,0,130,9,2,9,4,3,13,0,0,1,0,0,0,0,2,0,0,0
7257,0,1,0,1,0,11,0,0,107,6,3,5,0,3,13,1,0,0,0,0,5,0,2,0,0,0
7259,0,0,0,0,0,1,0,0,39,11,2,4,4,4,2,1,0,1,0,0,4,0,1,0,0,0
7263,0,0,0,0,0,1,0,0,97,12,0,9,4,4,2,0,0,1,0,0,4,0,1,1,0,0
7265,1,1,0,1,0,1,0,0,132,5,3,8,1,3,13,0,1,1,8,0,5,0,2,0,0,5
7268,1,0,0,1,0,1,0,0,52,21,2,13,1,4,10,0,0,1,8,0,3,0,1,0,0,0
7271,0,1,0,1,0,1,0,0,62,1,0,5,1,3,2,0,0,0,8,1,4,0,2,1,0,0
7273,0,1,0,1,0,1,0,0,62,1,2,4,1,3,2,0,0,0,8,1,4,0,2,1,0,0
7275,0,1,0,1,0,1,0,0,120,9,2,9,4,3,2,0,0,0,0,1,4,0,2,0,0,0
7276,0,1,0,1,0,1,0,0,120,9,0,10,4,3,2,0,0,0,0,1,4,0,2,0,0,0
7281,0,1,0,1,0,1,0,0,1,12,1,13,4,3,2,0,1,0,0,1,4,0,2,0,0,0
7282,0,1,0,1,0,1,0,0,1,12,0,8,4,3,2,0,1,0,0,1,4,0,2,0,0,0
7283,0,0,0,1,0,1,1,0,137,13,3,14,4,4,2,0,1,0,8,0,4,0,1,0,0,5
7288,0,0,0,1,0,1,1,0,137,13,3,5,4,4,2,0,1,0,8,0,4,0,1,0,0,5
7289,0,1,0,1,0,1,0,0,67,10,2,15,4,3,13,0,0,1,0,0,5,0,1,0,0,0
7291,1,0,0,1,0,1,0,0,47,22,3,15,0,4,2,0,0,0,5,0,0,0,1,0,0,6
7293,0,1,0,1,0,1,0,0,102,2,2,8,4,3,14,0,0,1,0,0,4,0,2,0,0,0
7295,0,1,0,0,1,1,0,0,95,13,3,4,4,3,13,0,0,0,8,0,4,0,2,0,1,6
7298,1,1,0,1,0,1,0,0,6,9,2,10,4,3,12,0,1,0,8,0,4,0,2,1,0,0
7300,1,1,0,1,0,1,0,0,6,9,0,12,4,3,13,0,1,0,8,0,4,0,2,1,0,0
7302,1,1,0,1,0,1,0,0,6,9,3,11,4,3,2,0,1,0,8,0,4,0,2,1,0,0
7304,0,0,0,1,1,1,0,0,68,14,0,8,4,4,2,0,0,0,8,0,4,0,1,0,0,5
7306,0,0,0,1,0,1,0,0,43,19,0,8,1,4,0,0,0,1,8,0,4,0,1,0,0,5
7312,0,1,0,1,0,1,0,0,16,22,3,7,0,4,12,0,1,0,0,0,4,0,1,0,0,0
7314,0,1,0,1,0,1,0,0,16,22,3,5,0,4,2,0,1,0,0,0,4,0,1,0,0,0
7315,0,1,0,1,0,1,0,0,16,22,3,3,0,4,12,0,1,0,0,0,4,0,1,0,0,0
7318,0,1,0,1,0,1,0,0,16,22,3,3,0,4,11,0,1,0,0,0,4,0,1,0,0,0
7319,1,0,0,1,0,1,1,0,21,14,0,7,4,3,12,0,0,0,0,0,4,0,2,0,0,0
7320,1,0,0,1,0,1,1,0,21,14,3,13,4,3,13,0,0,0,0,0,4,0,2,0,0,0
7321,0,1,0,1,0,1,0,0,76,15,3,9,4,3,2,0,0,0,0,1,4,0,2,0,0,0
7323,0,1,0,1,0,1,0,0,76,15,1,6,4,3,2,0,0,0,0,1,4,0,2,0,0,0
7324,0,0,0,1,0,2,0,0,137,21,1,10,1,3,2,0,0,1,0,0,4,0,2,0,0,0
7326,0,0,0,1,0,2,0,0,136,23,0,5,1,3,2,0,0,1,0,0,4,0,1,0,0,0
7330,0,0,0,0,0,2,0,0,26,15,3,6,4,4,2,0,1,0,0,0,4,0,1,1,0,0
7331,0,1,1,1,0,2,0,0,132,4,2,3,0,4,2,0,0,0,0,0,0,1,1,0,0,0
7333,0,1,0,1,0,2,0,0,42,18,2,13,1,3,14,0,0,1,0,0,5,0,2,0,0,0
7337,1,0,0,1,0,2,0,0,85,2,0,6,1,4,2,0,0,1,4,0,4,0,1,0,1,0
7340,0,0,0,1,0,2,0,0,104,10,3,4,4,3,13,0,0,1,0,0,4,0,2,0,0,0
7342,0,1,0,1,1,2,0,0,96,13,3,11,4,3,2,0,0,0,0,0,0,0,2,0,0,0
7345,0,1,0,1,0,2,0,0,70,13,1,5,4,3,2,0,1,0,0,0,5,0,2,0,0,0
7348,0,0,0,1,0,7,0,0,52,16,0,13,4,4,2,0,1,0,0,0,4,0,1,0,0,0
7349,0,0,0,1,0,9,0,0,82,19,0,4,1,3,2,0,0,1,0,0,4,0,2,0,0,0
7350,0,0,0,0,0,2,0,0,21,16,3,7,7,3,14,0,0,1,0,0,4,0,2,1,0,0
7351,0,1,0,1,0,11,0,0,25,19,3,5,1,4,13,1,0,0,0,0,4,0,1,0,0,0
7353,0,1,0,1,0,11,0,0,84,16,3,11,4,3,2,1,0,0,0,0,4,0,2,0,0,0
7354,0,0,0,1,0,6,0,0,44,15,3,7,4,3,2,0,0,1,0,0,4,0,2,0,0,0
7356,1,0,0,1,0,6,1,0,36,11,3,8,4,3,2,0,0,1,0,0,4,0,1,0,0,0
7360,1,0,0,1,0,7,0,0,117,22,2,7,0,4,2,0,1,1,0,0,4,0,1,0,0,0
7362,1,0,0,1,0,7,0,0,117,22,2,3,0,4,2,0,1,1,0,0,4,0,1,0,0,0
7365,0,1,0,1,0,7,0,0,70,23,1,4,0,4,2,1,1,0,0,0,4,1,1,0,0,0
7366,0,1,0,1,0,7,0,0,70,23,1,1,0,4,2,1,1,0,0,0,4,1,1,0,0,0
7367,0,1,0,1,0,7,0,0,70,23,1,2,0,4,2,1,1,0,0,0,4,1,1,0,0,0
7369,0,1,0,1,0,7,0,0,70,23,1,6,0,4,2,1,1,0,0,0,4,1,1,0,0,0
7370,0,0,0,1,1,7,0,0,78,18,2,9,4,3,12,0,0,0,0,0,4,0,2,0,0,0
7372,0,0,0,1,0,7,0,0,14,19,3,2,4,3,2,1,0,0,0,0,4,0,1,0,0,0
7373,0,0,0,1,0,7,0,0,14,19,3,5,4,3,0,1,0,0,0,0,4,0,1,0,0,0
7375,1,0,0,1,0,7,0,0,28,4,1,3,0,4,2,0,0,0,0,0,4,0,1,0,0,0
7377,0,1,0,1,1,7,0,0,133,16,2,2,4,4,14,0,0,0,0,0,4,0,1,0,0,0
7380,0,0,0,1,0,7,0,0,131,1,0,6,0,4,2,0,1,0,0,0,4,0,1,0,0,0
7382,0,0,0,1,0,7,0,0,131,1,3,8,0,4,2,0,1,0,0,0,4,0,1,0,0,0
7384,0,0,0,0,0,7,0,0,92,18,2,2,4,4,13,1,0,0,0,0,0,0,1,0,0,0
7385,0,1,0,1,0,7,0,0,17,7,0,7,4,4,11,0,0,0,0,0,4,1,1,0,0,0
7386,0,1,0,1,0,7,0,0,17,7,0,7,4,4,11,0,0,0,0,0,4,1,1,0,0,0
7387,0,1,0,1,0,7,0,0,93,7,2,7,4,3,12,0,0,0,0,1,4,0,2,0,0,0
7388,0,1,0,1,0,7,0,0,93,7,3,7,4,3,2,0,0,0,0,1,4,0,2,0,0,0
7390,0,1,0,1,0,7,0,0,93,7,1,9,4,3,2,0,0,0,0,1,4,0,2,0,0,0
7391,0,0,0,1,1,7,0,0,97,16,1,8,4,3,2,0,0,0,0,0,4,0,2,0,0,0
7393,0,1,0,1,1,7,0,0,42,16,1,9,4,4,2,0,0,0,0,0,4,0,1,0,0,0
7395,0,0,0,1,1,7,0,0,69,16,3,7,4,3,7,0,0,0,0,0,4,0,1,0,0,0
7398,0,1,0,1,0,7,0,0,85,23,3,1,0,4,2,0,0,1,0,0,4,0,2,0,0,0
7399,0,1,0,1,0,7,1,0,131,8,3,5,4,4,2,0,1,0,0,0,4,1,1,0,0,0
7400,0,1,0,1,0,7,1,0,131,8,3,11,4,4,2,0,1,0,0,0,4,1,1,0,0,0
7401,0,1,0,1,0,7,1,0,131,8,3,7,4,4,2,0,1,0,0,0,4,1,1,0,0,0
7403,0,1,0,1,0,7,1,0,131,8,3,6,4,4,2,0,1,0,0,0,4,1,1,0,0,0
7405,1,0,0,1,0,7,0,0,8,12,3,12,4,3,2,0,1,0,0,0,5,0,2,0,0,0
7407,0,1,0,1,0,7,0,0,77,6,0,4,4,3,2,1,0,0,0,0,5,0,2,0,0,0
7409,0,1,0,1,0,7,0,0,77,6,0,5,4,3,11,1,0,0,0,0,5,0,2,0,0,0
7410,0,0,0,1,0,7,0,0,131,20,0,4,4,4,2,1,0,0,0,0,0,0,1,0,0,0
7411,0,0,0,1,0,7,0,0,131,20,0,3,4,4,2,1,0,0,0,0,0,0,1,0,0,0
7412,0,0,0,1,0,7,0,0,131,20,3,5,4,4,2,1,0,0,0,0,0,0,1,0,0,0
7418,0,1,0,1,0,7,0,0,52,0,1,3,1,4,2,0,1,1,0,0,4,1,1,0,0,0
7419,0,0,0,0,0,7,0,0,14,3,3,2,0,4,2,1,0,0,0,0,4,0,1,0,0,0
7422,0,0,0,1,0,7,0,0,87,19,1,6,4,3,12,0,1,0,0,0,4,0,1,0,0,0
7424,0,0,0,1,0,7,0,0,87,19,1,4,4,3,2,0,1,0,0,0,4,0,1,0,0,0
7425,0,1,0,1,0,7,0,0,117,10,2,8,4,4,2,0,1,0,0,0,4,0,1,0,0,0
7427,0,1,0,1,0,7,0,0,117,10,0,10,4,4,13,0,1,0,0,0,4,0,1,0,0,0
7430,0,0,0,0,0,7,0,0,112,11,0,3,4,3,13,0,1,0,0,0,4,0,1,0,1,0
7434,0,1,0,1,0,7,0,0,118,13,0,1,4,3,2,0,0,0,0,1,4,0,2,0,0,0
7435,0,1,0,1,0,7,0,0,118,13,1,5,4,3,13,0,0,0,0,1,4,0,2,0,0,0
7437,0,0,0,1,1,7,0,0,77,18,3,6,4,3,7,0,0,0,0,0,5,0,2,0,0,0
7440,0,1,0,1,0,7,0,0,55,18,3,8,4,3,13,0,1,0,0,0,4,0,1,0,0,0
7441,0,1,0,1,0,7,0,0,55,18,0,8,4,3,2,0,1,0,0,0,4,0,1,0,0,0
7442,0,1,0,1,0,7,0,0,63,16,1,5,4,3,13,0,0,1,0,0,5,0,2,0,0,0
7444,0,0,0,1,0,7,0,0,1,22,2,7,1,3,2,0,0,1,8,0,4,0,1,0,0,5
7446,1,1,0,1,0,7,0,0,136,13,0,11,4,3,2,0,1,0,0,0,4,0,2,0,0,0
7451,0,0,0,0,0,10,0,0,6,13,3,4,4,3,2,1,1,0,0,0,3,0,2,0,0,0
7455,0,1,0,1,0,10,0,0,116,8,2,8,4,3,13,0,0,1,0,0,4,0,2,0,0,0
7457,0,1,0,1,0,10,0,0,112,16,0,3,4,3,14,0,0,1,0,0,4,0,2,0,0,0
7459,0,1,1,1,0,10,0,0,51,4,1,2,0,3,2,0,0,1,0,0,5,1,1,0,0,0
7462,1,0,0,1,0,10,0,0,117,5,2,3,1,3,2,0,1,0,0,0,4,0,2,0,0,0
7466,0,0,0,1,0,10,0,0,17,5,0,6,0,4,2,0,0,0,0,0,4,0,1,0,0,0
7467,0,1,0,1,0,10,0,0,66,18,3,13,4,3,13,0,0,0,0,0,4,0,1,0,0,0
7468,0,1,0,1,0,10,0,0,66,18,0,5,4,3,2,0,0,0,0,0,4,0,1,0,0,0
7470,0,1,0,1,0,10,0,0,75,2,1,9,0,3,2,0,0,0,0,0,5,0,1,0,0,0
7472,0,0,0,1,0,10,0,0,104,12,1,10,4,3,2,0,0,1,8,0,4,0,1,0,0,5
7478,0,1,0,1,0,10,0,0,27,18,2,2,6,3,2,0,1,1,0,1,4,0,2,0,0,0
7480,0,1,0,1,0,10,0,0,27,18,1,11,6,3,13,0,1,1,0,1,4,0,2,0,0,0
7483,0,0,0,1,0,10,0,0,128,7,0,9,4,4,10,0,0,1,8,0,4,0,1,0,0,0
7485,0,1,0,1,0,10,0,0,79,8,2,14,4,3,13,0,0,1,0,0,4,0,2,0,0,0
7487,1,0,0,1,0,10,0,0,33,5,3,6,1,3,2,0,0,1,4,0,4,0,1,0,0,0
7489,0,0,0,1,0,10,0,0,83,5,3,4,1,3,13,0,0,1,0,0,5,0,2,0,0,0
7491,0,0,0,1,1,10,0,0,83,8,1,5,4,3,11,0,0,0,0,0,5,0,2,0,0,0
7495,0,1,0,1,0,10,0,0,42,21,2,5,0,4,2,0,1,0,0,0,4,0,1,0,1,0
7496,0,1,0,1,0,10,0,0,42,21,2,5,0,4,2,0,1,0,0,0,4,0,1,0,1,0
7498,0,1,0,1,0,10,0,0,42,21,2,10,0,4,2,0,1,0,0,0,4,0,1,0,1,0
7499,0,1,0,1,0,10,0,0,118,19,1,9,0,3,2,0,0,1,8,0,4,0,2,0,0,5
7503,0,0,0,1,0,10,0,0,98,21,1,6,0,4,2,0,0,1,8,0,4,0,1,0,0,5
7505,0,1,0,1,0,10,0,0,73,21,1,4,0,3,2,0,0,1,8,0,4,0,2,0,0,5
7508,0,0,0,1,0,10,0,0,75,5,2,8,6,3,2,0,0,1,8,0,4,0,2,0,0,5
7511,0,0,0,1,0,10,0,0,75,11,1,6,4,3,2,0,0,1,0,0,4,0,1,0,0,0
7515,1,0,0,0,0,10,0,0,77,6,2,5,0,3,14,0,1,1,0,0,4,0,2,0,1,0
7521,0,1,0,1,0,10,0,0,100,18,3,7,0,3,13,0,0,1,0,0,0,0,2,0,0,0
7523,0,1,0,1,0,10,0,0,49,9,0,4,4,3,13,0,0,1,8,0,3,0,2,0,0,5
7525,0,1,1,1,0,10,0,0,96,19,2,11,0,3,2,0,0,1,8,0,4,0,1,0,0,5
7529,0,0,0,1,0,10,0,0,76,19,2,2,0,4,2,0,1,1,8,0,4,0,1,0,0,5
7533,0,1,0,1,0,10,0,0,25,15,3,3,4,3,13,0,0,1,0,0,4,0,2,0,0,0
7535,0,0,0,1,0,10,0,0,110,14,3,4,4,4,12,0,0,0,0,0,5,0,1,0,0,0
7536,0,0,0,1,0,10,0,0,110,14,3,5,4,4,11,0,0,0,0,0,5,0,1,0,0,0
7539,0,0,0,1,1,10,0,0,75,19,1,8,0,3,6,0,0,0,0,0,5,0,2,0,0,0
7542,0,0,0,1,0,10,0,0,3,20,3,3,0,3,2,0,0,1,0,0,4,0,1,0,0,0
7546,0,1,0,1,0,10,0,0,55,9,2,3,4,3,12,0,0,0,0,0,4,0,2,0,0,0
7550,0,0,0,0,1,10,0,0,71,10,2,10,4,3,14,0,0,0,0,0,5,0,1,0,1,0
7552,0,1,0,1,1,7,0,0,136,13,1,5,4,4,11,0,0,0,8,0,5,0,1,0,0,5
7553,0,0,0,1,1,11,0,0,136,0,3,4,0,3,2,0,0,0,8,0,3,0,2,0,0,5
7554,0,1,0,1,0,2,0,0,41,14,0,11,4,4,11,0,0,0,0,0,4,0,1,0,0,0
7556,0,1,0,1,0,9,0,0,79,21,1,4,0,3,2,1,1,0,0,0,4,0,1,0,0,0
7557,0,1,0,1,0,11,0,0,84,16,2,1,4,3,14,1,0,0,0,0,4,0,2,0,0,0
7559,0,1,0,1,0,9,0,0,79,21,1,7,0,3,3,1,1,0,0,0,4,0,1,0,0,0
7563,0,0,0,1,0,11,0,0,51,3,1,3,1,3,2,0,0,0,0,0,4,0,2,0,0,0
7564,0,1,0,1,0,2,0,0,41,14,0,10,4,4,11,0,0,0,0,0,4,0,1,0,0,0
7567,0,1,0,1,0,11,0,0,26,7,2,11,2,3,14,0,0,1,0,0,4,0,2,0,0,0
7570,0,0,0,1,0,9,0,0,75,14,0,8,4,3,13,0,0,1,0,0,4,0,2,0,0,0
7572,0,0,0,1,0,9,1,0,47,18,3,13,7,3,2,0,1,0,0,0,4,0,2,0,0,0
7574,0,0,0,1,0,9,1,0,47,18,3,7,7,3,12,0,1,0,0,0,4,0,2,0,0,0
7575,0,1,0,1,1,9,0,0,130,8,3,10,4,3,12,0,0,0,0,0,5,0,2,0,0,0
7576,0,1,0,1,1,9,0,0,130,8,2,10,4,3,13,0,0,0,0,0,5,0,2,0,0,0
7579,0,1,0,1,0,9,0,0,95,13,2,2,4,3,12,0,1,0,0,0,4,0,1,0,0,0
7580,0,1,0,1,0,9,0,0,95,13,2,2,4,3,12,0,1,0,0,0,4,0,1,0,0,0
7583,0,1,0,1,0,9,0,0,95,13,2,9,4,3,2,0,1,0,0,0,4,0,1,0,0,0
7584,0,1,0,0,0,9,0,0,96,1,3,4,0,3,2,1,0,0,0,0,5,1,2,0,0,0
7587,0,1,0,1,0,9,0,0,112,19,3,6,0,3,14,0,0,1,8,0,4,0,2,0,0,5
7591,0,0,0,0,1,9,0,0,36,17,0,10,4,3,2,0,0,0,0,0,4,0,2,1,0,0
7592,0,0,0,1,1,9,0,0,84,22,1,3,1,3,2,0,0,0,8,0,5,0,2,0,0,0
7595,0,1,0,1,0,9,0,0,64,23,2,4,0,3,13,0,0,1,8,0,4,0,2,0,0,5
7597,0,0,0,1,0,9,0,0,122,9,3,8,4,4,2,0,0,1,0,0,4,0,1,0,0,0
7599,0,0,0,1,0,9,0,0,54,16,1,5,4,3,2,0,0,1,0,0,4,0,2,0,0,0
7602,0,1,0,1,0,9,0,0,99,19,1,9,0,3,2,0,0,0,0,0,4,0,2,0,0,0
7603,0,1,0,1,0,9,0,0,99,19,0,8,0,3,13,0,0,0,0,0,4,0,2,0,0,0
7604,0,0,0,1,0,9,1,0,1,2,0,8,1,4,2,0,0,0,0,0,4,0,1,0,0,0
7607,0,1,0,1,1,9,0,0,79,16,0,5,4,3,13,0,0,0,8,0,5,0,1,0,0,5
7611,1,0,0,1,0,9,0,0,1,19,0,4,0,3,2,0,1,1,8,0,4,0,2,0,0,5
7613,0,1,0,1,1,9,0,0,18,15,3,10,4,3,13,0,0,0,0,0,0,0,1,0,0,0
7616,0,0,0,1,0,9,0,0,83,1,0,12,0,4,2,0,0,1,0,0,4,0,1,0,0,0
7618,0,1,0,1,1,9,0,0,21,19,2,11,0,3,2,0,0,0,0,0,0,0,2,0,0,0
7620,0,0,0,1,0,9,0,0,127,19,0,8,0,3,2,0,0,1,0,0,4,0,1,0,0,0
7622,0,0,0,1,0,9,0,0,39,19,0,9,4,4,2,0,0,1,0,0,3,0,1,0,0,0
7626,0,1,0,1,0,9,0,0,77,15,3,8,4,3,13,0,0,1,0,0,0,0,2,0,0,0
7628,0,0,0,1,0,9,0,0,18,19,0,6,0,3,2,0,0,1,8,0,4,0,2,0,0,5
7632,0,0,0,1,0,10,0,0,26,12,1,6,4,4,0,0,0,0,0,0,4,0,2,0,0,0
7633,0,0,0,1,0,10,0,0,26,12,1,11,4,4,2,0,0,0,0,0,4,0,2,0,0,0