,ACCLASS,AG_DRIV,ALCOHOL,AUTOMOBILE,CYCLIST,DATE,DISABILITY,EMERG_VEH,HOOD_ID,HOUR,INITDIR,INVAGE,LIGHT,LOCCOORD,MANOEUVER,MOTORCYCLE,PASSENGER,PEDESTRIAN,RDSFCOND,REDLIGHT,ROAD_CLASS,SPEEDING,TRAFFCTL,TRSN_CITY_VEH,TRUCK,VISIBILITY
7636,0,0,0,1,1,10,0,0,76,16,2,10,4,4,6,0,0,0,0,0,4,0,1,0,0,0
7640,0,0,0,0,0,10,0,0,65,17,3,7,4,4,12,0,1,0,0,0,5,0,1,0,1,0
7642,0,0,0,0,0,10,0,0,65,17,3,1,4,4,2,0,1,0,0,0,5,0,1,0,1,0
7644,0,1,0,1,0,10,0,0,4,17,1,12,4,4,2,0,1,0,0,0,4,0,1,0,0,0
7645,0,1,0,1,0,10,0,0,127,20,2,2,0,3,13,0,1,0,0,0,4,0,2,0,0,0
7647,0,1,0,1,0,10,0,0,127,20,1,7,0,3,2,0,1,0,0,0,4,0,2,0,0,0
7649,0,0,0,1,0,10,0,0,39,8,2,6,4,3,13,0,0,1,0,0,4,0,2,0,0,0
7650,0,0,0,1,0,10,0,0,25,19,2,11,0,3,2,0,0,1,0,0,4,0,1,0,0,0
7653,0,1,0,1,0,2,0,0,41,14,0,11,4,4,2,0,0,0,0,0,4,0,1,0,0,0
7654,0,1,0,1,0,7,0,0,137,14,2,1,4,3,13,0,1,0,0,0,0,0,2,0,0,0
7659,0,1,0,1,0,11,0,0,62,14,1,12,4,4,13,0,0,1,0,0,4,0,1,0,0,0
7660,0,0,0,0,0,2,0,0,77,17,1,11,7,4,2,0,0,1,0,0,4,0,1,0,1,1
7662,0,0,0,1,0,11,0,0,116,16,2,11,1,3,2,0,0,1,8,0,4,0,1,0,0,5
7666,0,1,0,1,0,2,0,0,21,18,0,6,1,3,2,0,1,0,0,0,4,0,1,0,0,0
7667,0,1,0,1,0,2,0,0,21,18,3,5,1,3,2,0,1,0,0,0,4,0,1,0,0,0
7671,0,1,0,1,0,2,0,0,21,18,3,6,1,3,2,0,1,0,0,0,4,0,1,0,0,0
7673,0,1,0,1,0,2,0,0,21,18,0,2,1,3,2,0,1,0,0,0,4,0,1,0,0,0
7674,0,1,0,1,0,2,0,0,21,18,3,7,1,3,0,0,1,0,0,0,4,0,1,0,0,0
7679,0,1,0,1,0,2,0,0,44,3,2,9,1,4,2,0,1,0,3,0,5,1,1,0,0,6
7681,0,1,0,1,0,2,0,0,44,3,1,3,1,4,2,0,1,0,3,0,5,1,1,0,0,6
7685,0,0,0,1,0,2,0,0,26,15,1,6,4,4,2,0,0,1,0,0,4,0,1,0,1,0
7686,0,1,1,1,0,2,0,0,73,4,0,5,1,4,2,0,1,0,3,0,4,1,1,0,0,0
7688,0,1,0,1,0,2,0,0,104,15,0,3,4,4,2,0,0,0,8,0,4,1,1,0,0,0
7690,0,1,0,1,0,2,0,0,129,15,2,8,4,3,13,0,0,1,0,0,4,0,2,0,0,0
7692,0,1,0,1,1,2,0,0,82,14,3,8,4,3,13,0,0,0,8,0,4,0,2,0,0,0
7695,0,0,0,1,0,2,0,0,14,11,1,11,4,3,13,0,1,0,0,0,5,0,2,0,0,0
7696,0,0,0,1,0,2,0,0,14,11,2,3,4,3,2,0,1,0,0,0,5,0,2,0,0,0
7698,0,0,0,1,0,2,0,0,26,15,1,3,4,4,12,0,0,1,0,0,4,0,1,0,1,0
7703,0,0,0,0,0,2,0,0,65,14,2,5,4,3,14,0,1,0,8,0,5,0,2,1,0,0
7708,0,1,0,1,0,2,0,0,50,19,3,9,0,3,13,0,1,1,8,0,4,1,2,0,0,0
7711,0,1,0,1,0,2,0,0,50,19,0,2,0,3,2,0,1,1,8,0,4,1,2,0,0,0
7714,0,0,1,1,0,2,0,0,3,5,1,3,0,4,2,0,0,0,5,0,4,0,1,0,0,6
7715,0,0,1,1,0,2,0,0,3,5,2,3,0,4,2,0,0,0,5,0,4,0,1,0,0,6
7717,0,1,0,1,0,2,0,0,68,15,1,12,4,3,2,0,0,1,0,0,5,1,1,0,0,0
7718,0,1,0,1,0,2,0,0,68,15,1,7,4,3,0,0,0,1,0,0,5,1,1,0,0,0
7722,0,1,0,1,0,2,0,0,48,19,2,8,0,3,14,0,0,1,8,0,4,0,2,0,0,0
7729,0,0,0,1,0,2,0,0,62,1,2,4,0,4,2,0,0,0,0,0,4,0,1,0,0,0
7735,0,0,0,1,0,2,0,0,38,23,1,3,1,3,2,0,1,1,0,0,4,0,1,0,0,0
7737,0,0,0,1,0,2,0,0,85,18,1,3,0,4,2,0,0,1,8,0,5,0,1,0,0,5
7739,0,0,0,1,0,2,0,0,1,20,1,11,0,3,13,0,0,1,8,0,5,0,2,0,0,5
7741,0,0,0,1,0,3,0,0,118,19,3,5,4,4,2,0,0,1,0,0,4,0,1,0,0,0
7744,0,0,0,1,0,3,0,0,104,1,1,4,0,4,2,0,0,1,0,0,4,0,1,0,0,0
7747,0,1,0,1,0,3,0,0,125,16,3,9,4,3,14,0,0,1,0,0,4,0,2,0,0,0
7749,0,1,0,0,0,3,0,0,71,18,2,7,4,3,2,1,0,1,0,0,5,0,1,0,0,0
7752,0,0,0,1,0,3,0,0,76,15,0,6,4,4,2,0,0,1,0,0,4,0,1,0,0,0
7754,0,0,0,1,0,3,0,0,122,23,3,12,1,3,2,0,0,1,0,0,4,0,2,0,0,0
7757,0,1,0,1,0,7,0,0,137,14,1,4,4,3,2,0,1,0,0,0,0,0,2,0,0,0
7758,0,1,0,1,0,11,0,0,27,17,1,6,1,3,13,0,0,1,8,0,4,0,2,0,0,5
7761,1,1,0,1,0,8,0,0,18,12,3,7,4,3,13,0,0,1,0,0,4,0,1,0,0,0
7764,0,0,0,1,0,8,0,0,95,15,2,7,4,3,2,0,0,1,0,0,4,0,1,0,0,0
7766,0,0,0,1,0,8,0,0,66,13,3,3,4,3,2,0,0,1,0,0,4,0,1,0,0,0
7771,0,1,1,1,0,8,0,0,62,16,1,5,4,3,13,0,1,0,0,0,5,1,2,0,0,0
7772,0,1,0,1,1,11,0,0,83,17,0,4,4,3,13,0,0,0,0,0,4,0,1,0,0,0
7775,0,1,1,1,0,8,0,0,62,16,0,3,4,3,0,0,1,0,0,0,5,1,2,0,0,0
7776,0,0,0,1,1,8,0,0,110,18,0,7,4,4,2,0,0,0,8,0,3,0,1,0,0,5
7780,0,1,0,1,0,8,0,0,17,2,0,4,0,4,2,0,1,0,0,0,4,1,1,0,0,0
7781,0,0,0,1,1,8,0,0,45,23,1,6,0,3,12,0,0,0,0,0,4,0,2,0,0,0
7785,0,0,0,0,0,8,0,0,76,23,3,8,0,4,2,0,0,1,0,0,4,0,1,1,0,0
7787,1,1,0,1,1,8,0,0,58,9,2,14,4,3,2,0,0,0,0,0,0,0,2,0,0,0
7789,0,1,0,1,1,8,0,0,80,15,2,6,4,3,2,0,0,0,0,0,5,0,2,0,0,0
7791,0,1,0,1,1,8,0,0,80,15,0,7,4,3,13,0,0,0,0,0,5,0,2,0,0,0
7795,0,0,1,1,0,8,0,0,110,1,1,5,0,4,2,0,0,0,0,0,4,0,1,0,0,0
7797,0,0,1,1,0,8,0,0,110,1,1,7,0,4,12,0,0,0,0,0,4,0,1,0,0,0
7798,1,1,0,1,0,8,0,0,6,11,3,4,4,3,2,1,0,0,0,0,4,1,2,0,0,0
7799,1,1,0,1,0,8,0,0,6,11,0,13,4,3,13,1,0,0,0,0,4,1,2,0,0,0
7801,0,1,0,1,1,8,0,0,118,14,3,8,4,3,13,0,0,0,0,0,4,0,2,0,0,0
7804,0,0,0,1,0,8,0,0,75,18,0,8,4,3,2,0,0,0,0,0,4,0,1,1,0,0
7805,0,0,0,1,0,8,0,0,75,18,0,8,4,3,11,0,0,0,0,0,4,0,1,1,0,0
7807,0,1,0,1,0,8,0,0,54,21,0,4,0,3,2,0,0,1,0,0,4,0,1,0,0,0
7810,0,1,0,1,0,8,0,0,50,15,3,8,4,3,13,0,0,1,0,0,0,0,1,0,0,0
7812,0,1,0,0,0,8,0,0,2,14,3,3,4,3,2,1,0,0,0,0,4,1,1,1,0,0
7814,0,1,0,0,0,8,0,0,2,14,3,6,4,3,12,1,0,0,0,0,4,1,1,1,0,0
7816,0,1,0,1,0,8,0,0,34,18,2,3,4,3,2,1,0,0,0,0,4,1,2,0,0,0
7817,0,1,0,1,0,8,0,0,34,18,1,8,4,3,13,1,0,0,0,0,4,1,2,0,0,0
7818,1,0,0,1,0,8,0,0,36,18,3,7,4,3,10,0,0,1,0,0,3,0,1,0,0,0
7821,0,0,0,1,0,8,1,0,16,18,0,9,4,3,2,0,1,0,0,0,4,0,1,0,0,0
7824,0,0,0,1,0,8,1,0,16,18,0,10,4,3,11,0,1,0,0,0,4,0,1,0,0,0
7826,0,1,0,1,0,8,0,0,20,21,3,1,0,4,2,0,1,0,0,0,4,0,1,0,0,0
7828,1,0,0,1,0,8,0,0,83,6,1,9,4,6,10,0,0,0,0,0,2,0,1,0,0,0
7833,0,0,0,1,0,8,0,0,78,6,2,5,4,3,2,0,0,1,0,0,4,0,1,0,0,0
7835,0,0,0,1,0,8,0,0,70,12,0,8,4,3,10,0,0,1,0,0,5,0,1,0,0,0
7837,0,0,0,1,0,8,0,0,95,13,2,5,4,3,2,1,1,0,0,0,4,0,2,0,0,0
7838,0,0,0,1,0,8,0,0,95,13,1,6,4,3,13,1,1,0,0,0,4,0,2,0,0,0
7843,0,1,0,1,0,8,0,0,131,2,1,1,0,4,6,0,1,0,0,0,5,0,1,0,0,0
7846,1,0,0,1,0,12,0,0,30,1,1,7,1,3,2,0,0,1,0,0,4,0,1,0,0,0
7849,1,0,0,1,0,12,0,0,119,18,3,11,7,3,2,0,0,1,0,0,4,0,1,0,0,0
7852,0,0,0,1,0,12,0,0,119,3,2,3,0,4,2,0,0,0,0,0,4,0,1,0,0,0
7854,0,0,0,1,0,12,0,0,75,16,2,5,4,3,2,0,0,1,0,0,5,0,1,0,0,0
7856,0,1,0,1,0,12,0,0,126,18,1,2,5,3,2,0,1,0,8,1,4,0,2,0,0,0
7857,0,1,0,1,0,12,0,0,126,18,0,7,5,3,2,0,1,0,8,1,4,0,2,0,0,0
7858,0,0,0,1,0,12,0,0,124,22,0,2,1,3,2,0,0,1,8,0,4,0,2,0,0,5
7861,0,0,0,1,0,12,0,0,36,15,2,6,4,3,2,0,0,1,8,0,3,0,1,0,0,5
7863,0,1,0,1,0,12,0,0,129,18,2,3,0,3,13,0,0,1,8,0,0,0,2,0,0,5
7866,0,0,0,0,0,12,0,0,118,19,2,9,0,3,14,0,0,1,0,0,4,0,2,1,0,0
7868,0,1,0,1,0,12,0,0,58,15,3,3,4,3,13,0,0,1,0,0,4,0,2,0,0,0
7872,0,0,0,1,0,12,0,0,78,16,2,2,4,3,2,0,0,1,0,0,4,0,1,0,0,0
7874,0,0,0,0,0,12,0,0,77,17,0,5,1,3,8,1,0,0,0,0,5,0,1,0,0,0
7875,0,1,0,1,0,12,0,0,70,22,2,7,0,3,2,0,0,1,0,1,5,0,2,0,0,0
7880,0,0,0,1,1,12,0,0,76,9,0,6,4,3,2,0,0,0,8,0,4,0,2,0,0,5
7884,0,1,0,0,0,12,0,0,47,15,2,10,4,3,13,0,0,1,8,0,5,0,2,0,1,5
7885,0,0,0,1,1,12,0,0,78,14,0,2,4,4,7,0,0,0,0,0,4,0,1,0,0,0
7889,1,1,0,0,0,12,0,0,24,7,3,6,1,3,13,0,0,1,8,0,4,0,2,1,0,5
7890,0,0,0,1,0,12,0,0,39,17,3,12,0,3,13,0,0,1,8,0,4,0,1,0,0,5
7894,0,0,0,1,0,12,0,0,110,18,0,7,0,4,2,0,0,1,0,0,4,0,1,0,0,0
7896,0,1,0,1,0,12,0,0,55,11,2,12,4,3,13,0,0,1,0,0,4,0,2,0,0,0
7899,0,0,0,0,0,12,0,0,25,13,1,6,4,4,2,0,0,1,0,0,4,0,1,1,0,0
7901,1,1,0,1,0,12,0,0,45,5,3,3,1,3,2,0,0,0,8,0,4,0,2,0,0,0
7902,1,1,0,1,0,12,0,0,45,5,0,5,1,3,13,0,0,0,8,0,4,0,2,0,0,0
7904,0,1,0,1,0,12,0,0,110,10,3,3,4,4,2,0,0,1,0,0,4,0,1,0,0,0
7907,0,1,0,1,0,12,0,0,92,17,1,2,1,4,2,0,1,0,0,0,4,0,1,0,0,0
7908,0,0,0,1,1,12,0,0,92,14,3,3,4,3,0,0,0,0,8,0,4,0,2,0,0,5
7910,0,1,0,1,0,12,0,0,14,17,0,11,0,3,13,0,0,1,8,0,5,0,2,0,0,5
7913,0,1,0,1,0,12,0,0,1,19,3,11,0,4,14,0,1,0,3,0,6,1,1,0,0,6
7914,0,1,0,1,0,12,0,0,31,13,3,1,4,3,13,0,0,1,0,0,4,0,2,0,0,0
7916,0,0,0,1,0,12,0,0,129,17,1,8,1,3,2,0,0,1,0,0,4,0,2,0,0,0
7918,0,1,1,1,0,12,0,0,132,3,1,2,0,4,2,0,1,0,0,0,5,1,1,0,0,0
7920,0,0,0,1,0,12,0,0,108,18,3,6,6,3,13,0,0,1,8,0,4,0,2,0,0,5
7925,0,1,0,1,0,12,0,0,17,9,0,3,4,4,2,0,1,0,8,0,4,1,1,0,0,5
7928,0,1,1,1,0,11,0,0,82,22,3,2,1,4,2,0,0,1,0,0,4,1,1,1,0,0
7933,0,1,1,1,0,11,0,0,82,22,0,4,1,4,12,0,0,1,0,0,4,1,1,1,0,0
7935,1,0,0,0,1,11,0,0,83,11,2,11,4,3,14,0,0,0,0,0,5,0,2,0,1,0
7939,0,1,0,1,0,11,0,0,99,16,0,6,6,3,2,0,1,0,8,0,0,0,2,0,0,0
7940,0,1,0,1,0,11,0,0,99,16,1,7,6,3,2,0,1,0,8,0,0,0,2,0,0,0
7941,0,0,0,1,0,11,0,0,78,19,2,12,1,3,2,0,0,1,0,0,4,0,1,0,0,0
7943,0,0,0,1,0,11,0,0,48,18,2,2,1,4,2,0,0,1,8,0,4,0,1,0,0,5
7946,1,1,0,1,0,11,1,0,57,11,2,8,4,4,2,0,1,0,0,0,4,1,1,0,0,0
7947,1,1,0,1,0,11,1,0,57,11,1,6,4,4,2,0,1,0,0,0,4,1,1,0,0,0
7948,1,1,0,1,0,11,1,0,57,11,2,13,4,4,2,0,1,0,0,0,4,1,1,0,0,0
7951,1,1,0,1,0,11,1,0,57,11,2,8,4,4,2,0,1,0,0,0,4,1,1,0,0,0
7953,0,0,0,1,0,11,0,0,111,6,1,4,1,3,2,0,0,1,0,0,4,0,1,0,0,0
7955,0,1,0,1,0,11,0,0,137,13,2,7,4,3,12,0,0,0,0,0,4,0,2,0,1,0
7957,0,1,0,1,0,11,0,0,137,13,2,3,4,3,2,0,0,0,0,0,4,0,2,0,1,0
7959,0,1,0,1,0,11,0,0,137,13,2,2,4,3,11,0,0,0,0,0,4,0,2,0,1,0
7961,0,1,0,1,0,11,0,0,5,21,0,8,1,3,13,0,0,1,0,0,4,0,2,0,0,0
7964,0,0,0,1,0,11,0,0,111,13,0,13,4,3,2,0,0,0,0,0,5,0,1,0,0,0
7965,0,0,0,1,0,11,0,0,111,13,3,9,4,3,3,0,0,0,0,0,5,0,1,0,0,0
7966,0,0,0,1,0,11,0,0,26,18,2,7,1,4,2,0,0,1,0,0,4,0,1,0,0,0
7968,0,1,0,1,0,11,0,0,131,17,0,14,7,3,13,0,1,0,8,0,4,0,2,0,0,0
7970,0,1,0,1,0,11,0,0,131,17,0,8,7,3,13,0,1,0,8,0,4,0,2,0,0,0
7971,0,0,0,1,0,11,0,0,81,10,0,13,4,3,2,0,0,1,0,0,4,0,2,0,0,0
7973,0,1,0,1,0,11,0,0,17,9,0,5,4,4,11,0,0,0,0,0,4,0,1,0,0,0
7974,0,1,0,1,0,11,0,0,17,9,0,5,4,4,12,0,0,0,0,0,4,0,1,0,0,0
7976,0,0,0,1,0,11,0,0,78,16,0,6,6,4,14,0,0,1,0,0,3,0,1,0,0,0
7979,0,0,0,1,0,11,0,0,44,17,2,1,0,4,2,0,0,1,0,0,4,0,1,0,0,0
7982,0,0,0,1,0,11,1,0,101,15,1,8,4,4,2,0,0,0,0,0,4,0,1,0,0,0
7984,0,0,0,1,0,11,1,0,101,15,1,8,4,4,2,0,0,0,0,0,4,0,1,0,0,0
7985,0,0,0,1,0,11,0,0,78,18,2,8,0,3,2,0,0,1,8,0,4,0,2,0,0,5
7991,0,0,0,1,0,11,0,0,95,21,2,9,1,3,2,0,1,1,8,0,4,0,1,0,0,5
7993,0,1,0,1,0,11,0,0,33,1,2,7,1,3,13,0,0,1,8,0,4,0,2,0,0,5
7995,0,0,0,1,0,11,0,0,34,22,1,4,1,4,2,0,0,1,0,0,4,0,1,0,0,0
7998,0,0,0,0,1,11,0,0,87,14,1,8,4,3,2,0,0,0,0,0,0,0,2,1,0,0
8001,0,0,0,1,0,11,0,0,1,20,0,7,0,4,11,0,0,1,0,0,4,0,1,0,0,0
8005,0,0,0,1,1,11,0,0,75,9,3,5,4,3,2,0,0,0,0,0,4,0,2,0,1,0
8007,0,0,0,1,1,11,0,0,75,9,3,9,4,3,2,0,0,0,0,0,4,0,2,0,1,0
8009,0,1,0,1,1,11,0,0,131,15,3,9,4,3,2,0,0,0,0,0,4,0,1,0,0,0
8011,0,0,0,1,1,11,0,0,42,16,3,2,4,3,13,0,0,0,0,0,4,0,2,0,0,0
8015,1,1,0,1,0,11,0,0,31,6,0,7,0,4,2,0,1,1,8,0,4,0,1,0,0,5
8018,1,1,0,1,0,11,0,0,31,6,0,8,0,4,0,0,1,1,8,0,4,0,1,0,0,5
8019,1,1,0,1,0,11,0,0,31,6,3,3,0,4,2,0,1,1,8,0,4,0,1,0,0,5
8023,0,0,0,1,0,11,0,0,131,7,1,7,4,3,2,0,0,1,8,0,0,0,1,0,0,5
8025,0,0,0,1,0,11,0,0,119,21,2,4,1,4,2,0,0,0,0,0,4,0,1,0,0,0
8026,0,1,0,1,0,6,0,0,45,19,1,4,4,3,13,0,0,1,0,0,4,0,2,0,0,0
8028,0,0,0,1,0,11,0,0,119,21,2,2,1,4,3,0,0,0,0,0,4,0,1,0,0,0
8029,0,1,0,1,0,11,0,0,107,1,2,9,4,3,13,0,0,1,0,0,5,0,2,0,0,0
8032,0,1,0,1,0,11,0,0,56,19,2,8,7,3,2,0,0,0,0,1,4,0,2,0,0,0
8033,0,1,0,1,0,11,0,0,56,19,3,5,7,3,2,0,0,0,0,1,4,0,2,0,0,0
8035,0,1,0,1,0,11,0,0,56,19,0,12,7,3,11,0,0,0,0,1,4,0,2,0,0,0
8042,0,1,0,1,0,11,0,0,91,2,3,2,1,3,2,0,1,0,0,0,4,1,2,0,0,0
8044,0,0,0,1,1,11,0,0,81,13,3,9,4,4,7,0,0,0,0,0,4,0,1,0,0,0
8046,0,1,0,1,0,11,0,0,71,17,1,11,6,3,2,0,0,1,0,1,4,0,2,0,0,0
8048,1,0,0,1,1,11,0,0,76,14,1,4,4,3,2,0,1,0,0,0,4,0,2,0,0,0
8053,0,1,0,1,0,11,0,0,40,11,3,15,4,3,13,0,0,0,0,0,4,0,2,0,0,0
8054,0,1,0,1,0,11,0,0,40,11,0,8,4,3,2,0,0,0,0,0,4,0,2,0,0,0
8056,0,0,0,1,0,11,0,0,82,22,3,4,1,4,2,1,1,0,8,0,4,0,1,0,0,5
8057,0,0,0,1,0,11,0,0,82,22,0,8,1,4,2,1,1,0,8,0,4,0,1,0,0,5
8059,0,1,1,1,0,11,0,0,118,20,3,15,1,3,2,0,1,0,8,0,4,0,2,0,0,5
8061,0,1,1,1,0,11,0,0,118,20,0,7,1,3,13,0,1,0,8,0,4,0,2,0,0,5
8063,0,0,0,0,0,11,0,0,73,4,3,8,0,4,8,0,0,1,0,0,4,0,1,0,1,0
8066,0,0,0,0,1,11,0,0,75,8,3,5,4,3,14,0,0,0,0,0,4,0,2,0,1,0
8068,0,0,0,1,0,11,0,0,112,6,1,11,1,3,13,0,1,0,0,0,4,0,1,0,0,0
8071,0,0,0,1,0,11,0,0,112,6,2,3,1,3,2,0,1,0,0,0,4,0,1,0,0,0
8072,0,0,0,1,0,11,0,0,51,17,0,6,1,3,2,0,0,1,0,0,4,0,1,0,0,0
8076,0,1,0,1,0,11,0,0,75,22,0,7,0,4,3,0,1,0,0,0,4,0,1,0,0,0
8079,0,1,0,1,0,11,0,0,75,22,3,3,0,4,2,0,1,0,0,0,4,0,1,0,0,0
8084,0,0,0,1,0,11,0,0,70,3,0,2,1,3,2,0,0,0,0,0,4,0,2,0,0,0
8089,1,1,0,1,1,11,0,0,92,6,0,10,1,3,2,0,0,0,0,1,5,0,2,0,0,0
8090,1,1,0,1,1,11,0,0,92,6,3,2,1,3,2,0,0,0,0,1,5,0,2,0,0,0
8091,0,0,0,1,0,11,0,0,115,17,3,13,0,3,2,0,0,0,0,0,4,0,2,0,0,0
8092,0,0,0,1,0,11,0,0,115,17,3,5,0,3,12,0,0,0,0,0,4,0,2,0,0,0
8093,0,0,0,1,0,11,0,0,115,17,2,11,0,3,2,0,0,0,0,0,4,0,2,0,0,0
8095,0,1,0,1,0,11,0,0,104,13,3,4,4,3,13,0,0,1,0,0,4,0,2,0,0,0
8099,0,1,0,1,0,11,0,0,126,21,2,2,1,3,2,0,1,0,0,0,4,1,1,0,0,0
8101,0,0,1,1,0,11,0,0,17,1,3,3,0,3,13,0,0,0,0,0,5,0,2,0,0,0
8103,0,0,0,1,1,5,0,0,54,8,2,5,4,4,14,0,0,0,0,0,4,0,1,0,0,0
8104,0,0,0,1,0,11,0,0,17,10,3,2,4,4,5,0,1,0,0,0,4,0,1,0,1,0
8105,0,0,0,1,0,11,0,0,17,10,3,8,4,4,2,0,1,0,0,0,4,0,1,0,1,0
8106,0,0,0,1,0,11,0,0,17,10,3,9,4,4,11,0,1,0,0,0,4,0,1,0,1,0
8107,0,0,0,1,0,11,0,0,17,10,3,2,4,4,2,0,1,0,0,0,4,0,1,0,1,0
8108,0,0,0,1,1,11,0,0,76,14,0,6,4,4,12,0,0,0,0,0,4,0,1,0,0,0
8111,0,1,0,1,0,11,0,0,8,2,2,4,1,4,2,0,0,0,0,0,4,1,1,0,0,0
8114,1,0,0,1,0,11,0,0,129,17,1,11,1,3,11,0,0,1,0,0,4,0,1,0,0,0
8117,0,1,0,1,0,11,0,0,10,10,1,12,4,3,2,0,0,0,0,0,4,0,2,0,1,0
8118,0,1,0,1,0,11,0,0,10,10,2,5,4,3,2,0,0,0,0,0,4,0,2,0,1,0
8119,0,1,0,1,0,4,0,0,70,10,2,4,4,3,13,0,0,1,0,0,5,0,2,0,0,0
8122,0,0,0,1,1,6,0,0,41,12,1,12,4,4,10,0,0,0,0,0,3,0,1,0,0,0
8127,0,1,0,0,0,10,0,0,118,14,2,10,4,3,14,0,0,1,0,0,4,0,2,0,1,0
8130,0,0,0,0,0,9,0,0,121,12,0,7,4,3,13,1,0,0,0,0,5,0,2,0,0,0
8135,0,0,0,1,0,6,0,0,25,13,3,11,4,4,0,0,0,1,0,0,4,0,1,0,0,0
8136,0,1,0,1,0,4,0,0,120,15,3,7,4,3,13,1,0,0,0,0,4,0,2,0,0,0
8137,0,1,0,1,0,3,0,0,132,9,2,4,4,3,13,0,0,1,0,0,5,0,2,0,0,0
8138,0,0,0,1,0,10,0,0,81,7,2,2,4,3,2,1,0,0,0,0,4,0,1,0,0,0
8139,0,0,0,0,1,6,0,0,79,17,0,3,4,3,7,0,0,0,0,0,4,0,1,0,0,0
8141,0,1,0,1,0,9,0,0,68,16,0,7,4,3,14,0,0,1,0,0,4,0,2,0,0,0
8144,0,1,0,1,0,3,0,0,61,12,2,8,4,4,2,0,0,1,0,0,6,0,1,0,0,0
8151,0,1,0,0,1,9,0,0,94,1,0,10,1,3,2,0,0,0,0,0,5,0,1,0,0,0
8153,0,0,0,1,0,9,0,0,94,1,0,3,0,3,2,0,0,1,0,0,5,0,1,0,0,0
8156,0,1,1,1,0,9,0,0,82,1,1,5,1,4,2,0,1,0,0,0,3,0,2,0,0,0
8161,0,1,0,0,1,9,0,0,77,8,1,7,4,3,6,0,0,0,0,0,4,0,2,0,1,0
8166,0,1,0,1,0,9,0,0,52,16,1,9,4,3,2,0,1,0,0,0,4,0,1,0,0,0
8167,0,1,0,1,0,9,0,0,52,16,1,8,4,3,11,0,1,0,0,0,4,0,1,0,0,0
8169,0,0,0,1,0,9,0,0,130,18,1,7,6,3,13,0,0,1,0,0,4,0,2,1,0,0
8171,0,0,0,0,0,9,0,0,70,7,3,7,4,4,2,1,0,0,0,0,5,0,1,0,0,0
8172,0,1,1,1,0,9,0,0,113,1,2,4,1,3,2,0,0,0,8,1,4,0,2,0,0,5
8173,0,1,1,1,0,9,0,0,113,1,0,6,1,3,2,0,0,0,8,1,4,0,2,0,0,5
8175,0,1,0,1,0,9,0,0,102,9,0,12,4,3,13,0,0,1,0,0,4,0,2,0,0,0
8179,0,1,0,1,0,9,0,0,116,10,0,3,4,3,2,0,1,0,0,1,5,0,2,0,1,0
8180,0,1,0,1,0,9,0,0,116,10,1,7,4,3,2,0,1,0,0,1,5,0,2,0,1,0
8182,0,0,0,1,0,9,0,0,77,15,3,6,4,3,13,0,0,1,0,0,5,0,2,0,0,0
8184,1,0,0,1,0,9,0,0,1,18,2,1,4,4,2,0,0,1,0,0,0,0,1,0,0,0
8187,0,0,0,1,0,9,0,0,73,8,3,10,4,3,2,1,0,0,0,0,4,0,1,0,0,0
8189,0,0,0,1,0,9,0,0,39,8,0,11,4,3,2,0,0,1,0,0,4,0,2,0,0,0
8191,0,1,0,1,0,9,0,0,88,8,2,5,4,3,13,0,0,1,0,0,4,0,2,0,0,0
8193,0,1,0,1,0,9,0,0,124,16,2,8,4,3,12,0,0,0,4,1,4,0,2,0,0,0
8195,0,1,0,1,0,9,0,0,124,16,3,2,4,3,2,0,0,0,4,1,4,0,2,0,0,0
8196,0,1,0,1,0,9,0,0,124,16,0,4,4,3,13,0,0,0,4,1,4,0,2,0,0,0
8199,0,1,0,1,1,9,0,0,76,11,0,7,4,4,12,0,0,0,0,0,4,0,1,0,0,0
8202,0,0,0,1,1,9,0,0,77,20,3,7,1,3,2,0,0,0,0,0,4,0,2,0,0,0
8205,0,1,0,1,0,9,0,0,77,9,0,8,4,3,13,0,0,1,0,0,4,0,2,0,0,0
8208,0,1,0,1,1,9,0,0,103,13,1,2,4,4,2,0,0,0,0,0,4,0,1,0,0,0
8209,0,1,0,1,1,9,0,0,103,13,1,3,4,4,2,0,0,0,0,0,4,0,1,0,0,0
8210,0,0,0,1,0,9,0,0,107,10,3,5,4,4,2,0,0,1,0,0,4,0,1,0,0,0
8213,0,1,0,1,0,10,0,0,42,10,1,10,4,3,2,0,0,1,0,1,4,0,2,0,0,0
8214,0,1,0,1,0,10,0,0,42,10,3,8,4,3,2,0,0,1,0,1,4,0,2,0,0,0
8217,0,1,0,1,0,10,0,0,60,14,2,11,4,3,13,0,0,1,0,0,0,0,2,0,0,0
8219,0,0,0,1,1,10,0,0,75,18,0,7,1,3,14,0,0,0,0,0,5,0,2,0,0,0