,ACCLASS,AG_DRIV,ALCOHOL,AUTOMOBILE,CYCLIST,DATE,DISABILITY,EMERG_VEH,HOOD_ID,HOUR,INITDIR,INVAGE,LIGHT,LOCCOORD,MANOEUVER,MOTORCYCLE,PASSENGER,PEDESTRIAN,RDSFCOND,REDLIGHT,ROAD_CLASS,SPEEDING,TRAFFCTL,TRSN_CITY_VEH,TRUCK,VISIBILITY
16395,0,1,0,1,1,7,0,0,87,18,3,10,4,3,13,0,0,0,0,0,4,0,2,0,0,0
16398,0,1,1,1,0,7,0,0,92,2,2,5,1,3,2,0,1,0,0,0,5,1,2,0,0,0
16399,1,1,0,0,0,11,0,0,77,12,0,10,4,3,14,0,0,1,0,0,0,0,2,0,1,0
16405,0,1,0,1,0,7,0,0,122,15,0,7,4,4,2,1,0,1,0,0,4,0,1,0,0,0
16407,1,0,0,1,0,1,0,0,73,22,1,2,1,4,2,0,0,1,0,0,4,0,1,0,0,0
16408,0,1,0,1,0,9,0,0,95,21,2,3,0,3,13,1,0,0,0,0,4,1,2,0,0,0
16409,0,1,0,1,0,9,0,0,95,21,1,4,0,3,2,1,0,0,0,0,4,1,2,0,0,0
16410,0,0,0,1,0,9,0,0,136,23,0,2,1,4,2,0,0,1,0,0,4,0,1,0,0,0
16414,0,0,0,1,0,9,0,0,109,11,3,8,4,4,2,1,0,0,0,0,5,0,2,0,0,0
16415,0,0,0,1,0,9,0,0,109,11,3,3,4,4,2,1,0,0,0,0,5,0,2,0,0,0
16416,0,0,0,1,0,9,0,0,139,0,3,10,1,4,2,1,0,0,0,0,4,0,1,0,0,0
16417,0,0,0,1,0,9,0,0,139,0,3,8,1,4,2,1,0,0,0,0,4,0,1,0,0,0
16420,0,1,0,1,0,9,0,0,72,2,0,3,1,3,2,0,0,1,0,1,4,0,2,0,0,0
16422,0,0,0,1,0,9,0,0,75,12,2,10,4,4,2,0,0,1,0,0,0,0,1,0,0,0
16426,0,1,0,0,0,9,0,0,57,22,3,3,1,4,2,1,0,0,0,0,5,1,1,0,0,0
16427,0,1,0,1,0,9,0,0,1,15,3,3,4,3,13,0,0,1,0,0,4,0,2,0,0,0
16429,0,0,0,1,0,9,0,0,70,20,3,9,1,3,2,0,0,1,0,0,4,0,2,0,0,0
16431,1,0,0,1,0,9,0,0,119,22,1,4,1,3,2,1,0,0,0,0,4,0,2,0,0,0
16432,1,0,0,1,0,9,0,0,119,22,2,2,1,3,13,1,0,0,0,0,4,0,2,0,0,0
16435,0,1,0,1,0,9,0,0,128,23,2,8,1,3,13,1,0,0,0,0,4,0,2,0,0,0
16436,0,1,0,1,0,9,0,0,128,23,1,2,1,3,2,1,0,0,0,0,4,0,2,0,0,0
16437,1,0,1,1,0,9,0,0,2,6,2,2,4,3,2,0,0,1,0,0,4,0,2,0,0,0
16439,0,0,0,0,0,9,0,0,92,21,3,4,1,3,2,0,0,1,0,0,4,0,2,1,0,0
16440,0,0,0,1,0,9,0,0,34,11,2,5,4,3,2,0,1,1,0,0,4,0,2,0,0,0
16444,1,0,0,1,1,9,0,0,78,18,0,11,4,3,2,0,0,0,0,0,4,0,2,0,0,0
16445,0,0,0,1,0,9,0,0,131,20,0,6,1,3,13,0,0,1,0,0,4,0,2,0,0,0
16447,0,1,0,0,0,9,0,0,119,6,1,10,0,3,13,0,0,1,0,0,4,0,2,0,1,0
16449,0,1,0,1,0,9,0,0,26,13,2,13,4,4,13,1,0,0,0,0,4,0,2,0,0,0
16450,0,1,0,1,0,9,0,0,26,13,0,6,4,4,2,1,0,0,0,0,4,0,2,0,0,0
16451,0,1,0,0,0,9,0,0,42,23,2,4,0,4,2,1,0,0,0,0,5,1,1,0,0,0
16452,0,1,0,1,0,9,0,0,120,17,3,10,4,3,2,0,1,0,0,0,4,0,2,0,0,0
16453,0,1,0,1,0,9,0,0,120,17,3,12,4,3,12,0,1,0,0,0,4,0,2,0,0,0
16455,0,1,0,1,0,9,0,0,44,0,1,5,1,4,2,1,0,0,0,0,0,1,1,0,0,0
16456,0,1,0,1,0,9,0,0,44,0,1,6,1,4,2,1,0,0,0,0,0,1,1,0,0,0
16459,0,1,0,1,0,10,0,0,73,11,2,4,4,3,14,0,1,0,8,0,4,0,2,0,0,5
16460,0,1,0,1,0,10,0,0,73,11,0,5,4,3,2,0,1,0,8,0,4,0,2,0,0,5
16462,0,0,0,1,0,10,0,0,34,19,0,2,1,3,13,0,0,1,8,0,4,0,2,0,0,5
16464,0,0,0,1,0,10,0,0,82,0,1,3,1,4,2,0,0,1,8,0,4,0,2,0,0,0
16467,0,0,0,1,0,10,0,0,25,7,1,9,4,3,2,0,0,1,0,0,4,0,2,0,0,0
16469,0,0,0,1,0,10,0,0,34,16,2,4,4,4,2,0,0,1,0,0,4,0,1,0,0,0
16471,0,0,0,1,0,10,0,0,76,23,3,9,7,3,14,0,0,1,0,0,4,0,2,0,0,0
16473,0,1,0,1,0,10,0,0,83,3,1,0,0,3,2,0,1,0,0,0,5,1,2,0,0,0
16481,1,0,0,1,0,10,0,0,84,23,3,5,1,4,2,1,0,0,0,0,4,0,1,0,0,0
16482,0,0,0,1,0,10,0,0,115,17,1,5,4,3,13,1,0,0,0,0,4,0,2,0,0,0
16483,0,0,0,1,0,10,0,0,115,17,2,7,4,3,2,1,0,0,0,0,4,0,2,0,0,0
16484,0,1,0,1,1,10,0,0,63,11,2,7,4,3,13,0,0,0,0,0,4,0,2,0,0,0
16487,0,0,0,0,1,10,0,0,122,20,3,4,7,3,2,1,0,0,0,0,4,0,2,0,0,0
16488,0,0,0,1,0,10,0,0,129,22,2,2,1,4,2,0,0,0,8,0,4,0,1,0,0,5
16491,0,1,0,1,0,10,0,0,2,9,0,4,4,3,14,0,0,1,0,0,4,0,2,0,0,0
16493,0,0,0,1,0,10,0,0,90,16,1,8,4,4,2,0,0,0,0,0,4,0,2,0,0,0
16494,0,0,0,1,0,10,0,0,90,16,1,8,4,4,12,0,0,0,0,0,4,0,2,0,0,0
16495,0,0,0,1,0,10,0,0,90,16,1,6,4,4,12,0,0,0,0,0,4,0,2,0,0,0
16496,1,0,0,0,0,10,0,0,52,12,2,10,4,4,10,0,0,1,8,0,3,0,1,0,1,5
16498,0,0,0,1,0,10,0,0,24,19,1,11,1,3,2,0,1,1,0,0,4,0,2,0,0,0
16499,1,0,0,1,0,11,0,0,32,19,1,3,1,4,2,0,0,1,0,0,1,0,1,0,0,0
16500,0,1,0,1,0,7,0,0,122,15,0,4,4,4,11,1,0,1,0,0,4,0,1,0,0,0
16501,0,1,0,1,0,11,0,0,126,12,2,11,4,3,13,1,1,0,0,0,4,0,1,0,0,0
16502,0,1,0,1,1,11,0,0,123,9,3,12,4,3,13,0,0,0,0,0,4,0,1,0,0,0
16503,0,1,0,1,0,7,0,0,122,15,0,10,4,4,11,1,0,1,0,0,4,0,1,0,0,0
16505,0,1,0,1,0,1,0,0,84,15,3,8,3,3,2,0,0,1,0,0,5,0,2,0,0,0
16507,0,1,0,1,0,11,0,0,126,12,1,2,4,3,2,1,1,0,0,0,4,0,1,0,0,0
16508,0,1,0,1,0,11,0,0,135,17,3,10,1,3,13,0,0,1,0,0,4,0,2,0,0,0
16509,0,1,0,1,0,1,0,0,120,18,3,5,0,3,13,0,1,0,0,0,4,0,2,0,0,0
16512,0,1,0,1,0,1,0,0,120,18,0,8,0,3,2,0,1,0,0,0,4,0,2,0,0,0
16514,0,1,0,1,0,1,0,0,1,11,2,7,4,3,2,0,0,0,0,1,4,1,2,0,0,0
16515,0,1,0,1,0,1,0,0,1,11,0,8,4,3,2,0,0,0,0,1,4,1,2,0,0,0
16516,0,1,0,1,0,1,0,0,1,11,0,9,4,3,2,0,0,0,0,1,4,1,2,0,0,0
16517,0,1,0,1,0,1,0,0,1,11,1,5,4,3,12,0,0,0,0,1,4,1,2,0,0,0
16518,0,1,0,1,0,1,0,0,67,17,3,9,1,3,13,0,0,1,8,0,0,0,2,0,0,5
16520,0,1,0,1,0,7,0,0,122,15,0,3,4,4,12,1,0,1,0,0,4,0,1,0,0,0
16523,0,1,0,1,0,1,0,0,115,19,1,6,1,3,13,0,0,1,8,0,5,0,1,0,0,5
16525,0,0,0,1,0,1,0,0,92,22,3,2,1,3,2,0,1,1,8,0,4,0,2,0,0,5
16530,0,0,0,1,0,1,0,0,77,3,3,4,1,3,2,0,0,1,8,0,5,0,2,0,0,5
16532,0,0,0,1,0,1,0,0,77,13,3,5,4,4,13,0,1,0,0,0,4,0,1,0,0,0
16533,0,0,0,1,0,1,0,0,77,13,3,11,4,4,2,0,1,0,0,0,4,0,1,0,0,0
16535,0,1,0,1,0,1,0,0,132,18,3,3,0,3,13,0,0,1,8,0,5,0,2,0,0,5
16537,0,1,0,1,0,1,0,0,136,5,0,10,1,3,13,0,0,1,8,0,5,0,2,0,0,5
16539,0,1,0,1,0,1,0,0,52,19,2,10,4,3,2,0,1,0,0,0,4,0,2,0,0,0
16540,0,1,0,1,0,1,0,0,52,19,2,4,4,3,11,0,1,0,0,0,4,0,2,0,0,0
16541,0,1,0,1,0,1,0,0,52,19,2,6,4,3,11,0,1,0,0,0,4,0,2,0,0,0
16542,0,1,0,1,0,1,0,0,52,19,2,4,4,3,12,0,1,0,0,0,4,0,2,0,0,0
16544,0,0,1,1,0,1,0,0,14,21,2,4,1,4,0,0,0,0,0,0,4,0,1,0,0,0
16545,0,0,1,1,0,1,0,0,14,21,2,6,1,4,2,0,0,0,0,0,4,0,1,0,0,0
16546,0,0,0,1,0,1,1,0,1,9,0,10,4,3,2,0,0,0,8,0,4,0,2,0,0,6
16547,0,0,0,1,0,1,1,0,77,9,3,10,4,4,0,0,0,0,0,0,1,0,1,0,0,0
16548,0,0,0,1,0,1,1,0,77,9,3,4,4,4,2,0,0,0,0,0,1,0,1,0,0,0
16549,0,0,0,0,0,1,0,0,9,16,1,7,4,3,2,0,0,1,3,0,4,0,1,1,0,0
16551,1,1,0,0,0,1,0,0,27,7,0,8,1,3,14,0,0,1,0,0,5,0,2,0,1,0
16553,0,0,0,1,0,1,0,0,107,19,1,11,1,3,13,0,0,0,8,0,5,0,2,0,0,0
16554,0,0,0,1,0,1,0,0,107,19,2,9,1,3,2,0,0,0,8,0,5,0,2,0,0,0
16555,0,0,0,0,0,1,0,0,77,5,3,3,1,4,2,0,0,0,8,0,1,0,1,0,1,5
16556,0,0,0,1,0,1,0,0,136,19,0,9,1,3,2,0,1,1,8,0,4,0,1,0,0,5
16559,0,0,0,1,0,1,0,0,134,18,2,8,1,4,2,0,0,1,0,0,4,0,1,0,0,0
16562,1,0,0,1,0,1,0,0,114,20,0,6,1,4,2,0,0,1,0,0,4,0,1,0,0,0
16564,1,0,0,1,0,1,0,0,42,16,3,3,4,4,2,0,0,1,0,0,4,0,1,0,0,0
16565,0,0,0,0,0,1,0,0,26,4,0,3,1,3,14,0,0,1,0,0,4,0,2,0,1,0
16567,0,0,0,0,0,1,0,0,18,8,0,10,4,4,11,0,1,0,0,0,4,0,1,1,0,0
16569,0,1,0,1,0,1,0,0,69,10,0,6,4,3,11,0,1,1,0,0,4,0,2,0,0,0
16574,0,0,0,1,0,2,0,0,75,2,2,5,1,3,2,0,0,1,0,0,4,0,2,0,0,0
16576,0,1,1,1,0,2,0,0,94,4,3,2,1,3,2,0,1,0,8,0,4,1,1,0,0,0
16577,0,1,1,1,0,2,0,0,94,4,3,5,1,3,2,0,1,0,8,0,4,1,1,0,0,0
16579,0,0,0,1,0,2,1,0,30,17,2,8,1,3,2,0,0,0,8,0,4,0,2,0,0,0
16580,0,0,0,1,0,2,1,0,30,17,1,8,1,3,12,0,0,0,8,0,4,0,2,0,0,0
16581,0,1,0,1,0,2,0,0,120,15,1,2,4,3,2,0,1,0,0,0,5,1,1,0,0,0
16582,0,1,0,1,0,2,0,0,120,15,2,8,4,3,2,0,1,0,0,0,5,1,1,0,0,0
16583,0,1,0,1,0,2,0,0,120,15,2,3,4,3,2,0,1,0,0,0,5,1,1,0,0,0
16587,0,0,0,1,0,2,0,0,26,19,2,8,1,3,2,0,0,1,8,0,4,0,2,0,0,0
16590,0,0,0,1,0,2,0,0,39,13,1,9,4,3,2,0,0,1,0,0,4,0,1,0,0,0
16593,0,1,0,1,0,2,0,0,77,23,2,4,1,3,2,0,0,1,0,0,1,0,2,0,0,0
16595,0,1,0,1,0,2,0,0,50,11,0,12,4,4,2,0,1,0,0,0,4,0,1,0,0,0
16596,0,1,0,1,0,2,0,0,50,11,0,3,4,4,11,0,1,0,0,0,4,0,1,0,0,0
16597,0,1,0,1,0,2,0,0,50,11,0,4,4,4,2,0,1,0,0,0,4,0,1,0,0,0
16598,0,1,0,1,0,2,0,0,50,11,0,10,4,4,12,0,1,0,0,0,4,0,1,0,0,0
16600,0,1,0,1,0,2,0,0,19,19,0,5,1,4,2,0,1,1,0,0,4,0,1,0,0,0
16601,0,1,0,1,0,2,0,0,19,19,0,4,1,4,2,0,1,1,0,0,4,0,1,0,0,0
16604,0,1,0,1,0,11,0,0,26,9,2,9,4,3,14,0,0,1,0,0,4,0,2,0,0,0
16610,0,1,0,0,0,11,0,0,26,10,0,3,4,4,2,0,0,1,0,0,4,0,1,0,1,0
16611,0,1,0,1,0,11,0,0,123,2,0,5,1,4,2,0,0,0,0,0,4,1,1,0,0,0
16612,0,1,0,1,0,11,0,0,123,2,0,7,1,4,2,0,0,0,0,0,4,1,1,0,0,0
16613,1,1,0,1,0,11,0,0,42,12,1,1,4,3,2,0,1,0,0,0,4,0,2,0,0,0
16616,1,1,0,1,0,11,0,0,42,12,2,6,4,3,13,0,1,0,0,0,4,0,2,0,0,0
16618,0,0,0,1,1,11,0,0,77,16,0,3,4,3,2,0,0,0,0,0,5,0,2,0,0,0
16621,0,1,0,0,0,11,0,0,75,14,3,9,4,3,14,0,0,1,0,0,4,0,2,0,1,0
16624,0,1,0,1,0,12,0,0,119,20,0,3,1,3,2,0,1,0,3,0,4,1,1,0,0,6
16625,0,1,0,1,0,12,0,0,119,20,0,8,1,3,2,0,1,0,3,0,4,1,1,0,0,6
16626,0,1,0,1,0,12,0,0,119,20,3,8,1,3,2,0,1,0,3,0,4,1,1,0,0,6
16627,0,1,0,1,0,12,0,0,119,20,3,3,1,3,2,0,1,0,3,0,4,1,1,0,0,6
16632,0,1,0,1,0,12,0,0,132,10,0,9,4,3,13,0,0,1,8,0,4,0,2,0,0,0
16635,1,0,0,1,0,12,0,0,27,17,2,3,0,4,2,0,0,1,8,0,4,0,1,0,0,0
16636,0,0,0,1,0,12,0,0,55,18,3,7,1,3,2,0,0,1,8,0,4,0,2,0,0,6
16638,0,1,0,1,0,12,0,0,121,12,2,5,4,3,13,1,0,0,0,0,4,1,2,0,0,0
16639,0,1,0,1,0,12,0,0,121,12,0,6,4,3,2,1,0,0,0,0,4,1,2,0,0,0
16640,0,1,0,1,0,12,0,0,121,12,3,7,4,3,2,1,0,0,0,0,4,1,2,0,0,0
16641,0,0,0,1,0,12,0,0,68,17,2,3,1,3,13,0,1,1,8,0,4,0,2,0,0,0
16645,1,1,0,1,0,12,0,0,38,14,3,14,4,3,2,0,1,0,0,1,4,0,2,0,0,0
16646,1,1,0,1,0,12,0,0,38,14,0,7,4,3,13,0,1,0,0,1,4,0,2,0,0,0
16648,0,1,0,1,0,12,0,0,120,17,0,9,1,3,13,0,0,1,0,0,4,0,2,0,0,0
16650,1,0,0,1,0,12,0,0,1,18,1,12,1,3,13,0,1,0,0,0,4,0,2,0,0,0
16651,1,0,0,1,0,12,0,0,1,18,3,3,1,3,2,0,1,0,0,0,4,0,2,0,0,0
16653,1,0,0,1,0,12,0,0,1,18,0,13,1,3,12,0,1,0,0,0,4,0,2,0,0,0
16654,0,1,0,1,1,12,0,0,16,16,2,6,7,3,14,0,0,0,0,0,4,0,2,0,0,0
16656,0,1,0,1,0,12,0,0,26,20,1,11,1,3,13,0,0,1,0,0,4,0,2,0,0,0
16658,0,1,0,1,0,12,0,0,32,7,3,5,4,3,2,0,0,0,8,1,4,0,2,0,0,5
16659,0,1,0,1,0,12,0,0,32,7,1,7,4,3,13,0,0,0,8,1,4,0,2,0,0,5
16660,0,1,0,1,1,12,0,0,42,17,2,8,1,3,14,0,0,0,8,0,4,0,2,0,0,5
16666,0,1,0,1,0,12,0,0,99,3,1,2,0,3,11,0,1,0,0,0,4,1,2,0,0,0
16667,0,1,0,1,0,12,0,0,99,3,1,9,0,3,2,0,1,0,0,0,4,1,2,0,0,0
16669,0,0,0,1,0,12,0,0,15,15,3,13,4,4,2,0,1,0,0,0,4,0,1,0,0,0
16670,0,0,0,1,0,12,0,0,15,15,0,12,4,4,12,0,1,0,0,0,4,0,1,0,0,0
16672,0,1,0,1,0,12,1,0,17,15,0,12,1,4,2,0,0,0,0,0,0,0,1,0,0,0
16673,0,1,0,1,0,12,1,0,17,15,0,4,1,4,12,0,0,0,0,0,0,0,1,0,0,0
16674,0,0,0,1,0,12,0,0,135,19,3,4,7,3,2,0,0,0,0,0,3,0,2,0,0,0
16675,0,1,0,1,0,12,0,0,137,12,2,13,4,3,2,0,1,0,0,0,4,0,2,0,0,0
16676,0,1,0,1,0,12,0,0,137,12,2,4,4,3,12,0,1,0,0,0,4,0,2,0,0,0
16681,0,0,0,0,0,12,0,0,85,10,0,8,5,3,2,0,0,1,8,0,4,0,2,1,0,0
16686,1,0,1,1,0,12,0,0,137,18,0,6,1,4,2,0,0,1,8,0,4,0,1,0,0,0
16687,0,1,0,1,0,12,0,0,91,6,3,9,2,3,14,0,0,1,8,0,5,0,2,0,0,0
16689,0,1,0,1,0,12,0,0,9,14,1,11,4,3,3,0,1,0,0,0,5,0,1,0,0,0
16690,0,1,0,1,0,12,0,0,9,14,2,9,4,3,2,0,1,0,0,0,5,0,1,0,0,0
16692,0,1,0,1,0,12,0,0,53,8,2,7,4,3,13,0,0,1,8,0,4,0,2,0,0,0
16694,0,0,0,1,0,12,0,0,77,21,0,2,1,3,13,0,1,0,0,0,4,0,2,0,0,0
16695,0,0,0,1,0,12,0,0,77,21,3,10,1,3,2,0,1,0,0,0,4,0,2,0,0,0
16696,0,0,0,1,0,12,0,0,77,21,3,7,1,3,2,0,1,0,0,0,4,0,2,0,0,0
16702,0,1,0,1,0,7,0,0,123,17,0,10,4,3,2,1,0,0,0,0,5,0,2,0,0,0
16703,0,1,0,1,0,7,0,0,123,17,2,4,4,3,2,1,0,0,0,0,5,0,2,0,0,0
16704,0,0,0,0,0,11,0,0,70,7,3,10,4,4,2,1,0,0,0,0,4,0,1,0,0,0
16705,0,0,0,1,0,11,1,0,42,12,2,16,4,4,2,0,0,0,0,0,4,0,2,0,0,0
16706,0,1,0,1,0,7,0,0,137,22,2,4,1,4,2,0,1,0,0,0,4,0,2,0,0,0
16707,0,0,0,1,0,11,1,0,42,12,1,12,4,4,12,0,0,0,0,0,4,0,2,0,0,0
16708,0,0,0,1,0,11,0,0,74,14,3,2,4,4,2,0,0,1,0,0,4,0,1,0,0,0
16710,0,0,0,1,0,11,0,0,109,15,1,6,4,3,13,0,0,1,0,0,5,0,2,0,0,0
16714,1,1,0,0,1,11,0,0,17,16,2,7,6,3,14,0,0,0,0,0,5,0,1,0,1,0
16715,0,0,0,0,0,11,0,0,70,23,1,4,1,4,0,1,0,0,0,0,1,0,1,0,0,0
16721,0,0,0,1,0,11,0,0,108,18,1,10,1,3,13,0,0,1,8,0,4,0,2,0,0,5
16723,1,1,0,1,0,11,0,0,135,16,0,8,6,3,2,0,0,0,0,0,4,1,2,0,0,0
16724,1,1,0,1,0,11,0,0,135,16,1,9,6,3,2,0,0,0,0,0,4,1,2,0,0,0
16725,0,1,0,1,0,11,0,0,111,20,1,3,1,4,2,0,0,0,0,0,4,1,1,0,0,0
16728,0,1,0,1,0,11,0,0,36,22,3,4,1,3,13,0,0,1,0,0,4,0,2,0,0,0
16731,0,0,0,1,1,11,0,0,37,11,0,7,5,3,13,0,0,0,8,0,5,0,1,0,0,5
16732,0,1,0,1,0,11,0,0,118,18,0,7,1,3,13,0,0,1,8,0,4,0,2,0,0,5
16734,0,0,0,1,0,11,0,0,117,19,3,2,1,3,13,0,0,1,8,0,4,0,2,0,0,5
16737,1,1,0,1,1,12,0,0,83,18,2,5,4,3,2,0,0,0,0,0,4,0,1,0,0,0
16738,1,1,0,1,1,12,0,0,83,18,1,4,4,3,2,0,0,0,0,0,4,0,1,0,0,0
16740,1,0,0,0,0,12,0,0,132,17,1,7,7,4,2,0,0,1,0,0,4,0,1,0,1,0
16741,0,1,0,1,0,12,0,0,116,8,2,8,4,3,13,0,0,1,0,0,4,0,2,0,0,0
16743,0,1,0,1,0,12,0,0,137,18,1,7,1,3,2,0,0,1,0,1,4,1,2,0,0,0
16747,1,0,0,1,0,12,0,0,2,23,1,3,1,4,2,0,0,0,0,0,5,0,1,0,0,0
16748,0,1,0,1,0,12,0,0,103,3,2,5,1,4,2,0,0,0,0,0,4,0,1,0,0,0
16750,0,1,0,1,0,12,0,0,13,18,2,6,7,3,13,0,1,1,0,0,4,0,2,0,0,0
16756,1,1,0,0,0,12,0,0,119,11,2,8,4,3,14,0,0,1,0,0,4,0,2,0,1,0
16759,1,1,0,1,0,12,0,0,122,15,3,2,4,4,2,0,0,1,0,0,5,0,1,0,0,0
16760,0,1,0,1,0,12,0,0,45,22,3,7,0,3,13,0,1,0,0,0,4,0,2,0,0,0
16761,0,1,0,1,0,12,0,0,45,22,0,2,0,3,2,0,1,0,0,0,4,0,2,0,0,0
16763,0,1,1,1,0,12,0,0,15,3,1,1,1,3,2,0,1,0,8,0,4,1,2,0,0,5
16768,0,1,0,1,0,12,0,0,12,3,0,8,1,4,2,0,1,0,3,0,4,0,1,0,0,6
16769,0,1,0,1,0,12,0,0,126,15,0,9,4,4,2,0,1,0,0,0,4,1,1,0,0,0
16770,0,1,0,1,0,12,0,0,126,15,0,5,4,4,11,0,1,0,0,0,4,1,1,0,0,0
16773,0,0,0,1,0,12,0,0,73,17,0,6,1,4,2,0,0,1,8,0,4,0,1,0,0,5
16775,1,0,0,1,0,12,0,0,128,17,1,5,1,3,2,0,0,1,8,0,4,0,2,0,0,5
16777,0,1,0,1,0,7,0,0,137,22,2,2,1,4,2,0,1,0,0,0,4,0,2,0,0,0
16779,1,1,0,1,0,7,0,0,33,21,0,3,1,4,2,0,0,1,0,0,4,1,1,0,0,0
16782,1,0,0,1,0,7,0,0,17,7,0,11,4,3,2,0,0,1,0,0,3,0,2,0,0,0
16783,0,1,0,1,0,7,0,0,130,8,3,9,4,3,14,0,0,1,0,0,4,0,2,0,0,0
16785,0,0,0,0,0,7,0,0,93,9,2,6,4,4,14,0,0,1,0,0,5,0,1,1,0,0
16788,0,0,0,1,1,7,0,0,79,13,1,7,4,3,2,0,0,0,0,0,4,0,2,0,0,0
16789,0,1,0,1,0,7,0,0,16,19,1,7,4,3,13,1,0,0,0,0,4,0,2,0,0,0
16790,0,1,0,1,0,7,0,0,16,19,2,3,4,3,2,1,0,0,0,0,4,0,2,0,0,0
16791,0,0,0,1,0,8,0,0,137,15,3,5,4,4,2,0,0,1,0,0,4,0,1,0,0,0
16793,0,1,0,1,0,8,0,0,20,7,2,9,4,3,13,1,0,0,0,0,5,0,2,0,0,0
16794,0,1,0,1,0,8,0,0,20,7,3,4,4,3,2,1,0,0,0,0,5,0,2,0,0,0
16795,0,0,0,0,0,8,0,0,75,11,2,6,4,4,2,0,0,1,0,0,4,0,1,1,0,0
16797,0,1,0,1,0,8,0,0,123,13,3,5,4,3,2,0,1,0,0,0,4,1,2,0,0,0
16798,0,1,0,1,0,8,0,0,123,13,3,10,4,3,12,0,1,0,0,0,4,1,2,0,0,0
16800,0,1,0,0,0,8,0,0,119,22,0,6,0,4,2,1,0,0,0,0,4,1,1,0,0,0
16801,0,1,0,1,0,8,0,0,132,5,2,3,1,3,13,0,1,1,0,0,4,0,2,0,0,0
16806,0,0,0,1,1,8,0,0,107,11,1,11,4,3,2,0,0,0,0,0,5,0,2,0,0,0
16809,1,0,0,1,0,8,0,0,14,11,3,14,4,3,13,0,0,1,0,0,5,0,2,0,0,0
16812,0,1,0,1,0,8,0,0,120,15,3,8,4,3,12,0,1,0,0,0,4,1,1,0,0,0
16813,0,1,0,1,0,8,0,0,120,15,3,3,4,3,12,0,1,0,0,0,4,1,1,0,0,0
16820,0,0,0,0,0,8,0,0,131,23,2,5,0,4,2,1,0,0,0,0,4,0,1,0,0,0
16821,1,0,0,1,0,8,0,0,31,11,1,7,4,3,2,0,0,1,0,0,5,0,1,0,0,0
16823,0,1,0,1,0,8,0,0,7,18,1,11,4,4,14,1,0,0,0,0,4,0,1,0,0,0
16824,0,1,0,1,0,8,0,0,7,18,0,3,4,4,2,1,0,0,0,0,4,0,1,0,0,0
16829,0,0,0,1,1,8,0,0,36,12,2,14,4,3,2,0,0,0,0,0,0,0,2,0,0,0
16833,0,1,0,0,0,8,0,0,73,12,2,4,4,3,2,1,0,0,0,0,4,1,2,0,1,0
16835,0,1,0,0,0,8,0,0,73,12,1,10,4,3,13,1,0,0,0,0,4,1,2,0,1,0
16836,0,1,0,1,0,8,0,0,27,15,0,6,4,3,14,0,1,1,0,1,4,1,2,0,0,0
16837,0,1,0,1,0,8,0,0,27,15,2,7,4,3,2,0,1,1,0,1,4,1,2,0,0,0
16838,0,1,0,1,0,8,0,0,27,15,2,8,4,3,2,0,1,1,0,1,4,1,2,0,0,0
16841,0,0,0,1,0,8,0,0,101,17,1,2,4,4,2,0,0,1,0,0,4,0,1,0,0,0
16843,0,1,0,1,0,8,0,0,73,14,3,3,4,4,4,1,0,0,0,0,4,0,1,0,0,0
16844,0,1,0,1,0,8,0,0,73,14,1,10,4,4,2,1,0,0,0,0,4,0,1,0,0,0
16847,0,0,0,1,1,8,0,0,17,10,2,4,4,4,12,0,0,0,0,0,4,0,1,0,0,0
16849,0,0,0,1,1,8,0,0,74,17,1,3,4,3,13,0,0,0,0,0,4,0,1,0,0,0
16850,0,1,0,1,0,8,0,0,70,21,0,6,1,4,2,1,0,0,0,0,4,1,1,0,0,0
16851,0,1,0,1,0,8,0,0,70,21,0,4,1,4,12,1,0,0,0,0,4,1,1,0,0,0
16852,0,1,0,1,0,8,0,0,51,14,1,13,4,3,13,1,0,0,0,0,4,0,2,0,0,0
16853,0,1,0,1,0,8,0,0,51,14,2,3,4,3,2,1,0,0,0,0,4,0,2,0,0,0
16856,0,1,0,1,0,9,0,0,138,12,0,11,4,3,13,0,1,0,0,0,4,0,2,0,0,0
16857,0,1,0,1,0,9,0,0,138,12,3,4,4,3,2,0,1,0,0,0,4,0,2,0,0,0
16859,0,0,0,1,1,9,0,0,93,12,0,8,4,4,11,0,0,0,0,0,4,0,1,0,0,0